endosome0N,initOrgProp,area,806463.1851368385,volume,6.745500507585046E7,xcoor,33.423217135176294,ycoor,1.5598364337995014,
endosome0N,initRabContent,RabD,806463.1851368385
endosome0N,initMembraneContent,TfR,274426.0994337821,GalT,274426.0994337821,L1,274426.0994337821,membraneMarker,1.0,chol,274426.0994337821,lipid,274426.0994337821,p75,274426.0994337821
endosome0N,initSolubleContent,ProC,6.702064327658225E7,albumin,5.1964844769576125E7,solubleMarker,1.0,proton,6745.500507585088
endosome1T,initOrgProp,area,464621.93449119123,volume,2.918729722267513E7,xcoor,40.019400815934226,ycoor,12.7929354583179,
endosome1T,initRabContent,RabE,452836.6917760569,RabC,4646.541493602243,RabA,5770.06225620662,RabB,1368.638965324677
endosome1T,initMembraneContent,TfR,0.0
endosome1T,initSolubleContent,albumin,0.0,proton,2554.949124647722
endosome2l,initOrgProp,area,15079.644737231007,volume,100530.96491487339,xcoor,45.1918638332519,ycoor,38.172053210915855,
endosome2l,initRabContent,RabA,7539.822368615503,RabB,7539.822368615503
endosome2l,initMembraneContent,TfR,0.0
endosome2l,initSolubleContent,albumin,0.0,proton,10.11487098481216
endosome3J,initOrgProp,area,19038.34146203051,volume,169745.40486540785,xcoor,4.517541636525012,ycoor,8.91067600430805,
endosome3J,initRabContent,RabD,19038.34146203051
endosome3J,initMembraneContent,TfR,6501.466544752093,GalT,6501.466544752093,L1,6501.466544752093,membraneMarker,0.0,chol,6501.466544752093,lipid,6501.466544752093,p75,6501.466544752093
endosome3J,initSolubleContent,ProC,0.0,albumin,130032.04390525394,solubleMarker,0.0,proton,16.974540486541024
endosome4S,initOrgProp,area,54818.46957098496,volume,1005309.649148734,xcoor,32.10981318778442,ycoor,48.05017449488371,
endosome4S,initRabContent,RabB,54818.46957098496
endosome4S,initMembraneContent,TfR,0.0
endosome4S,initSolubleContent,albumin,0.0,proton,100.39636011095311
endosome5W,initOrgProp,area,2859317.3521371335,volume,2.858037146731261E7,xcoor,17.130704121032192,ycoor,4.26713741312955,
endosome5W,initRabContent,RabE,2637404.7274210677,RabC,220654.12516322685,RabA,471.2406589278289,RabB,787.2588939035631
endosome5W,initMembraneContent,TfR,0.0
endosome5W,initSolubleContent,albumin,0.0,proton,2982.339334787207
endosome6M,initOrgProp,area,18078.418549469556,volume,143752.70871615226,xcoor,40.09316826224811,ycoor,25.938557190394913,
endosome6M,initRabContent,RabD,18078.418549469556
endosome6M,initMembraneContent,TfR,5689.963333979042,GalT,5689.963333979042,L1,5689.963333979042,membraneMarker,0.0,chol,5689.963333979042,lipid,5689.963333979042,p75,5689.963333979042
endosome6M,initSolubleContent,ProC,0.0,albumin,96915.60186145845,solubleMarker,0.0,proton,14.37527087161546
endosome7A,initOrgProp,area,15079.644737231007,volume,100530.96491487337,xcoor,34.94540501262849,ycoor,30.0053593147083,
endosome7A,initRabContent,RabA,7539.822368615503,RabB,7539.822368615503
endosome7A,initMembraneContent,TfR,0.0
endosome7A,initSolubleContent,albumin,0.0,proton,9.967637384312763
endosome8p,initOrgProp,area,15079.644737231007,volume,100530.96491487337,xcoor,31.043360646218392,ycoor,47.57764909020725,
endosome8p,initRabContent,RabA,15079.644737231007
endosome8p,initMembraneContent,TfR,0.0
endosome8p,initSolubleContent,albumin,0.0,proton,10.13550049966301
endosome9u,initOrgProp,area,14030.376500236574,volume,126004.06956025859,xcoor,40.168833197514736,ycoor,12.629779048646972,
endosome9u,initRabContent,RabD,14030.376500236574
endosome9u,initMembraneContent,TfR,4771.0798589479045,GalT,4771.0798589479045,L1,4771.0798589479045,membraneMarker,0.0,chol,4771.0798589479045,lipid,4771.0798589479045,p75,4771.0798589479045
endosome9u,initSolubleContent,ProC,0.0,albumin,95230.73578147498,solubleMarker,0.0,proton,12.600406956026031
endosome10f,initOrgProp,area,15079.644737231007,volume,100530.96491487339,xcoor,34.69141564315643,ycoor,17.463628182435603,
endosome10f,initRabContent,RabC,7539.822368615503,RabB,7539.822368615503
endosome10f,initMembraneContent,TfR,0.0
endosome10f,initSolubleContent,albumin,0.0,proton,10.663546336194505
endosome11h,initOrgProp,area,391457.67555822624,volume,5478562.720402027,xcoor,5.697231170463692,ycoor,48.402280897406584,
endosome11h,initRabContent,RabC,7539.822368615503,RabA,10484.306159049454,RabB,373433.5470305613
endosome11h,initMembraneContent,TfR,0.0
endosome11h,initSolubleContent,albumin,0.0,proton,584.1286988977015
endosome12g,initOrgProp,area,24872.025154073704,volume,223587.51031201874,xcoor,33.74856092981927,ycoor,47.10379547413746,
endosome12g,initRabContent,RabE,24872.025154073704
endosome12g,initMembraneContent,
endosome12g,initSolubleContent,proton,27.817963544134358
endosome13E,initOrgProp,area,45003.75757088732,volume,741302.381760992,xcoor,3.6629247045455267,ycoor,47.75248156651,
endosome13E,initRabContent,RabE,11336.424623780691,RabC,1581.3662493217307,RabA,1416.793011183061,RabB,30669.17368660176
endosome13E,initMembraneContent,TfR,0.0
endosome13E,initSolubleContent,albumin,0.0,proton,82.5963772764785
endosome14z,initOrgProp,area,89893.88572025196,volume,2261946.710584647,xcoor,12.363828557973145,ycoor,1.8658360103035554,
endosome14z,initRabContent,RabC,15995.294612831982,RabA,58818.946370189,RabB,15079.644737231007
endosome14z,initMembraneContent,TfR,0.0
endosome14z,initSolubleContent,albumin,0.0,proton,226.6596748639651
endosome15F,initOrgProp,area,38178.60944449045,volume,603185.7894892403,xcoor,7.016568627324951,ycoor,2.685091999864059,
endosome15F,initRabContent,RabC,38178.60944449045
endosome15F,initMembraneContent,TfR,0.0
endosome15F,initSolubleContent,albumin,0.0,proton,58.63559698120995
endosome16p,initOrgProp,area,31118.478805343584,volume,452389.34211693023,xcoor,8.824292275475885,ycoor,4.34405308880228,
endosome16p,initRabContent,RabA,31118.478805343584
endosome16p,initMembraneContent,TfR,0.0
endosome16p,initSolubleContent,albumin,0.0,proton,43.69041558111353
endosome17T,initOrgProp,area,20106.192982974677,volume,150796.44737231007,xcoor,38.20158024117066,ycoor,7.283222141662441,
endosome17T,initRabContent,RabD,20106.192982974677
endosome17T,initMembraneContent,TfR,6846.588378801771,GalT,6846.588378801771,L1,6846.588378801771,membraneMarker,0.0,chol,6846.588378801771,lipid,6846.588378801771,p75,6846.588378801771
endosome17T,initSolubleContent,ProC,0.0,albumin,116313.11407728941,solubleMarker,0.0,proton,15.079644737231384
endosome18p,initOrgProp,area,45872.97048929851,volume,804247.7193189856,xcoor,21.153987734953436,ycoor,34.77343478671717,
endosome18p,initRabContent,RabC,1717.534415816881,RabB,44155.43607348159
endosome18p,initMembraneContent,TfR,0.0
endosome18p,initSolubleContent,albumin,0.0,proton,80.29831729557748
endosome19V,initOrgProp,area,25083.856796302665,volume,229489.9253878851,xcoor,37.20659559588752,ycoor,48.49991274243107,
endosome19V,initRabContent,RabE,25083.856796302665
endosome19V,initMembraneContent,TfR,0.0
endosome19V,initSolubleContent,albumin,0.0,proton,31.77851628303608
endosome20o,initOrgProp,area,15079.644737231007,volume,100530.96491487339,xcoor,32.221066478513364,ycoor,45.50142371969578,
endosome20o,initRabContent,RabB,15079.644737231007
endosome20o,initMembraneContent,TfR,0.0
endosome20o,initSolubleContent,albumin,0.0,proton,10.336910116173048
endosome21I,initOrgProp,area,25211.17745085129,volume,222849.05672659402,xcoor,15.440202072022062,ycoor,42.03779228058842,
endosome21I,initRabContent,RabD,25211.17745085129
endosome21I,initMembraneContent,TfR,8593.063163970666,GalT,8593.063163970666,L1,8593.063163970666,membraneMarker,0.0,chol,8593.063163970666,lipid,8593.063163970666,p75,8593.063163970666
endosome21I,initSolubleContent,ProC,0.0,albumin,171918.63822572486,solubleMarker,0.0,proton,22.284905672659676
endosome22C,initOrgProp,area,19813.97672198637,volume,167327.27522849737,xcoor,13.894528522399245,ycoor,10.645422606189719,
endosome22C,initRabContent,RabD,19813.97672198637
endosome22C,initMembraneContent,TfR,6624.6972760263325,GalT,6624.6972760263325,L1,6624.6972760263325,membraneMarker,0.0,chol,6624.6972760263325,lipid,6624.6972760263325,p75,6624.6972760263325
endosome22C,initSolubleContent,ProC,0.0,albumin,124527.21251752898,solubleMarker,0.0,proton,16.732727522849984
endosome23A,initOrgProp,area,20112.65810719719,volume,169016.5035262035,xcoor,43.723761076439374,ycoor,48.495081332527334,
endosome23A,initRabContent,RabD,20112.65810719719
endosome23A,initMembraneContent,TfR,6871.199262616315,GalT,6871.199262616315,L1,6871.199262616315,membraneMarker,0.0,chol,6871.199262616315,lipid,6871.199262616315,p75,6871.199262616315
endosome23A,initSolubleContent,ProC,0.0,albumin,130244.72250866238,solubleMarker,0.0,proton,16.90165035262058
endosome24W,initOrgProp,area,57683.29623817389,volume,854513.2017764228,xcoor,15.437445105310788,ycoor,48.36914407888822,
endosome24W,initRabContent,RabA,3428.9239984728083,RabB,54254.37223970106
endosome24W,initMembraneContent,TfR,0.0
endosome24W,initSolubleContent,albumin,0.0,proton,86.90782909880731
endosome25t,initOrgProp,area,19998.404586555513,volume,167664.17722691418,xcoor,4.191049267624468,ycoor,37.55554952736127,
endosome25t,initRabContent,RabD,19998.404586555513
endosome25t,initMembraneContent,TfR,6857.812410479836,GalT,6857.812410479836,L1,6857.812410479836,membraneMarker,0.0,chol,6857.812410479836,lipid,6857.812410479836,p75,6857.812410479836
endosome25t,initSolubleContent,ProC,0.0,albumin,124641.01886775158,solubleMarker,0.0,proton,16.766417722691656
endosome26M,initOrgProp,area,15877.78674278125,volume,128955.46209916768,xcoor,20.208145876833743,ycoor,20.6038967733318,
endosome26M,initRabContent,RabD,15877.78674278125
endosome26M,initMembraneContent,TfR,5219.155055954851,GalT,5219.155055954851,L1,5219.155055954851,membraneMarker,0.0,chol,5219.155055954851,lipid,5219.155055954851,p75,5219.155055954851
endosome26M,initSolubleContent,ProC,0.0,albumin,93694.4803649514,solubleMarker,0.0,proton,12.895546209916947
endosome27K,initOrgProp,area,15079.644737231007,volume,100530.96491487337,xcoor,39.898458328406626,ycoor,45.73426992690199,
endosome27K,initRabContent,RabA,15079.644737231007
endosome27K,initMembraneContent,TfR,0.0
endosome27K,initSolubleContent,albumin,0.0,proton,10.587941254692886
endosome28Q,initOrgProp,area,23965.317626647993,volume,225101.60599091268,xcoor,10.770836659321475,ycoor,1.505038599856899,
endosome28Q,initRabContent,RabD,23965.317626647993
endosome28Q,initMembraneContent,TfR,8174.282597808843,GalT,8174.282597808843,L1,8174.282597808843,membraneMarker,0.0,chol,8174.282597808843,lipid,8174.282597808843,p75,8174.282597808843
endosome28Q,initSolubleContent,ProC,0.0,albumin,172083.04508479917,solubleMarker,0.0,proton,22.51016059909157
endosome29K,initOrgProp,area,16144.106136555161,volume,130774.84724928874,xcoor,34.660853454118616,ycoor,44.57803367395238,
endosome29K,initRabContent,RabD,16144.106136555161
endosome29K,initMembraneContent,TfR,5466.568739562443,GalT,5466.568739562443,L1,5466.568739562443,membraneMarker,0.0,chol,5466.568739562443,lipid,5466.568739562443,p75,5466.568739562443
endosome29K,initSolubleContent,ProC,0.0,albumin,98308.66105397938,solubleMarker,0.0,proton,13.077484724929057
endosome30i,initOrgProp,area,13008.655960430091,volume,104115.21988286806,xcoor,45.13156619904208,ycoor,46.35391539386708,
endosome30i,initRabContent,RabD,13008.655960430091
endosome30i,initMembraneContent,TfR,4149.770430978234,GalT,4149.770430978234,L1,4149.770430978234,membraneMarker,0.0,chol,4149.770430978234,lipid,4149.770430978234,p75,4149.770430978234
endosome30i,initSolubleContent,ProC,0.0,albumin,71881.42102196708,solubleMarker,0.0,proton,10.411521988286967
endosome31m,initOrgProp,area,13008.655960430091,volume,104115.21988286806,xcoor,40.71737541069502,ycoor,2.2285585740902087,
endosome31m,initRabContent,RabD,13008.655960430091
endosome31m,initMembraneContent,TfR,4149.770430978234,GalT,4149.770430978234,L1,4149.770430978234,membraneMarker,0.0,chol,4149.770430978234,lipid,4149.770430978234,p75,4149.770430978234
endosome31m,initSolubleContent,ProC,0.0,albumin,71881.42102196708,solubleMarker,0.0,proton,10.411521988286967
endosome32Z,initOrgProp,area,181402.5552776202,volume,7027714.695345009,xcoor,36.547715506252864,ycoor,33.55323387056306,
endosome32Z,initRabContent,RabE,171131.8459593457,RabC,3584.655190032412,RabA,3951.6675615235727,RabB,2734.3865667178907
endosome32Z,initMembraneContent,TfR,0.0
endosome32Z,initSolubleContent,albumin,0.0,proton,710.910105163855
endosome33a,initOrgProp,area,508155.7403370391,volume,5053492.91054312,xcoor,24.171192207271076,ycoor,1.5,
endosome33a,initRabContent,RabE,217917.22362743758,RabC,285515.9831094935,RabA,3586.029521709832,RabB,1136.504078398586
endosome33a,initMembraneContent,TfR,0.0
endosome33a,initSolubleContent,albumin,0.0,proton,528.0730537582684
endosome34l,initOrgProp,area,17670.339152962144,volume,159043.19830991395,xcoor,2.7304150592715764,ycoor,10.144749632793022,
endosome34l,initRabContent,RabD,17670.339152962144
endosome34l,initMembraneContent,TfR,6026.727861520268,GalT,6026.727861520268,L1,6026.727861520268,membraneMarker,0.0,chol,6026.727861520268,lipid,6026.727861520268,p75,6026.727861520268
endosome34l,initSolubleContent,ProC,0.0,albumin,121732.29361049786,solubleMarker,0.0,proton,15.90431983099168
endosome35D,initOrgProp,area,64743.686679527484,volume,1306902.5438933533,xcoor,15.366852151560932,ycoor,47.76952179826661,
endosome35D,initRabContent,RabB,64743.686679527484
endosome35D,initMembraneContent,TfR,0.0
endosome35D,initSolubleContent,albumin,0.0,proton,130.20956673217566
endosome36R,initOrgProp,area,26603.097169879245,volume,252910.14815878758,xcoor,39.0805170268827,ycoor,14.709201576819732,
endosome36R,initRabContent,RabD,26603.097169879245
endosome36R,initMembraneContent,TfR,9081.900615368588,GalT,9081.900615368588,L1,9081.900615368588,membraneMarker,0.0,chol,9081.900615368588,lipid,9081.900615368588,p75,9081.900615368588
endosome36R,initSolubleContent,ProC,0.0,albumin,194537.61211904796,solubleMarker,0.0,proton,25.291014815879088
endosome37J,initOrgProp,area,15079.644737231007,volume,100530.96491487337,xcoor,0.7412976037129284,ycoor,18.462284973199985,
endosome37J,initRabContent,RabB,15079.644737231007
endosome37J,initMembraneContent,TfR,0.0
endosome37J,initSolubleContent,albumin,0.0,proton,10.208879667680861
endosome38v,initOrgProp,area,15499.270222361967,volume,128839.2786566559,xcoor,48.87023401055824,ycoor,34.62749632787288,
endosome38v,initRabContent,RabD,15499.270222361967
endosome38v,initMembraneContent,TfR,5191.382558941841,GalT,5191.382558941841,L1,5191.382558941841,membraneMarker,0.0,chol,5191.382558941841,lipid,5191.382558941841,p75,5191.382558941841
endosome38v,initSolubleContent,ProC,0.0,albumin,95535.45967595183,solubleMarker,0.0,proton,12.883927865665775
endosome39S,initOrgProp,area,24970.605505661013,volume,223905.9862271528,xcoor,45.69727880107143,ycoor,48.49076100806165,
endosome39S,initRabContent,RabD,24970.605505661013
endosome39S,initMembraneContent,TfR,8522.912919341545,GalT,8522.912919341545,L1,8522.912919341545,membraneMarker,0.0,chol,8522.912919341545,lipid,8522.912919341545,p75,8522.912919341545
endosome39S,initSolubleContent,ProC,0.0,albumin,172465.88644599926,solubleMarker,0.0,proton,22.39059862271558
endosome40I,initOrgProp,area,18815.442987394097,volume,162071.53491663575,xcoor,34.39222770374408,ycoor,4.862399911561962,
endosome40I,initRabContent,RabD,18815.442987394097
endosome40I,initMembraneContent,TfR,6151.175082161042,GalT,6151.175082161042,L1,6151.175082161042,membraneMarker,0.0,chol,6151.175082161042,lipid,6151.175082161042,p75,6151.175082161042
endosome40I,initSolubleContent,ProC,0.0,albumin,119092.07668800058,solubleMarker,0.0,proton,16.207153491663743
endosome41Y,initOrgProp,area,106842.4955146877,volume,3116459.9123610673,xcoor,33.484821875027,ycoor,2.4564562812280277,
endosome41Y,initRabContent,RabA,99302.6731460722,RabB,7539.822368615503
endosome41Y,initMembraneContent,TfR,0.0
endosome41Y,initSolubleContent,albumin,0.0,proton,312.4358934618727
endosome42j,initOrgProp,area,16800.081378094575,volume,140532.56026502975,xcoor,13.346993455247953,ycoor,23.28619821914642,
endosome42j,initRabContent,RabD,16800.081378094575
endosome42j,initMembraneContent,TfR,5728.753630327006,GalT,5728.753630327006,L1,5728.753630327006,membraneMarker,0.0,chol,5728.753630327006,lipid,5728.753630327006,p75,5728.753630327006
endosome42j,initSolubleContent,ProC,0.0,albumin,108205.60220103699,solubleMarker,0.0,proton,14.053256026503162
endosome43F,initOrgProp,area,24423.312336054994,volume,258386.22496102285,xcoor,31.180759770866477,ycoor,47.448903850819235,
endosome43F,initRabContent,RabE,19340.954634634505,RabC,487.0191232389225,RabB,4595.338578181552
endosome43F,initMembraneContent,TfR,0.0
endosome43F,initSolubleContent,albumin,0.0,proton,26.348507951607655
endosome44Q,initOrgProp,area,68429.71486959145,volume,1558229.9561805313,xcoor,19.655595115712295,ycoor,1.9566081176641372,
endosome44Q,initRabContent,RabC,3860.133666034926,RabA,61802.41483587939,RabB,2767.166367677113
endosome44Q,initMembraneContent,TfR,0.0
endosome44Q,initSolubleContent,albumin,0.0,proton,156.5666524261012
endosome45L,initOrgProp,area,81492.6388381477,volume,804247.7193189869,xcoor,49.56222722909839,ycoor,47.803822812429225,
endosome45L,initRabContent,RabA,3679.6887025805772,RabB,77812.95013556715
endosome45L,initMembraneContent,TfR,0.0
endosome45L,initSolubleContent,albumin,0.0,proton,85.80480478474266
endosome46H,initOrgProp,area,7539.822368615503,volume,50265.48245743669,xcoor,4.99049559499372,ycoor,7.868670125417225,
endosome46H,initRabContent,RabB,7539.822368615503
endosome46H,initMembraneContent,TfR,0.0
endosome46H,initSolubleContent,albumin,0.0,proton,5.6611169266340085
endosome47l,initOrgProp,area,18725.928335570105,volume,165849.65698701347,xcoor,49.276614306274915,ycoor,33.65210539184208,
endosome47l,initRabContent,RabD,18725.928335570105
endosome47l,initMembraneContent,TfR,6346.671560364499,GalT,6346.671560364499,L1,6346.671560364499,membraneMarker,0.0,chol,6346.671560364499,lipid,6346.671560364499,p75,6346.671560364499
endosome47l,initSolubleContent,ProC,0.0,albumin,126202.18490418895,solubleMarker,0.0,proton,16.584965698701588
endosome48U,initOrgProp,area,15079.644737231007,volume,100530.96491487337,xcoor,32.69777148580288,ycoor,16.721195881746734,
endosome48U,initRabContent,RabB,15079.644737231007
endosome48U,initMembraneContent,TfR,0.0
endosome48U,initSolubleContent,albumin,0.0,proton,10.62815681792118
endosome49s,initOrgProp,area,17506.11176402215,volume,147485.25824996567,xcoor,49.07059428341626,ycoor,32.6076177987872,
endosome49s,initRabContent,RabD,17506.11176402215
endosome49s,initMembraneContent,TfR,5961.29953699865,GalT,5961.29953699865,L1,5961.29953699865,membraneMarker,0.0,chol,5961.29953699865,lipid,5961.29953699865,p75,5961.29953699865
endosome49s,initSolubleContent,ProC,0.0,albumin,113341.1520877158,solubleMarker,0.0,proton,14.748525824996767
endosome50g,initOrgProp,area,156755.1508550213,volume,1507964.4737231021,xcoor,23.053779806532198,ycoor,5.20852528760877,
endosome50g,initRabContent,RabA,149215.32848640587,RabB,7539.822368615503
endosome50g,initMembraneContent,TfR,0.0
endosome50g,initSolubleContent,albumin,0.0,proton,151.3836887760387
endosome51z,initOrgProp,area,270128.1683809818,volume,2659976.881672535,xcoor,29.11298372246546,ycoor,1.6281788378562736,
endosome51z,initRabContent,RabE,7539.822368615503,RabC,167551.92342459108,RabA,52741.972166516025,RabB,42294.45042125907
endosome51z,initMembraneContent,TfR,0.0
endosome51z,initSolubleContent,albumin,0.0,proton,273.49091016017474
endosome52u,initOrgProp,area,163381.45834589313,volume,1608495.4386379765,xcoor,15.847465106848842,ycoor,2.539929248112152,
endosome52u,initRabContent,RabC,46453.63672525258,RabA,109387.99925202507,RabB,7539.822368615503
endosome52u,initMembraneContent,TfR,0.0
endosome52u,initSolubleContent,albumin,0.0,proton,165.99483849878933
endosome53O,initOrgProp,area,16246.05931693975,volume,150796.44737231007,xcoor,3.482246494900624,ycoor,23.836555748497723,
endosome53O,initRabContent,RabC,16246.05931693975
endosome53O,initMembraneContent,TfR,0.0
endosome53O,initSolubleContent,albumin,0.0,proton,15.110644990931007
endosome54Q,initOrgProp,area,7539.822368615503,volume,50265.48245743669,xcoor,35.457551318416236,ycoor,2.6804012420989594,
endosome54Q,initRabContent,RabA,7539.822368615503
endosome54Q,initMembraneContent,TfR,0.0
endosome54Q,initSolubleContent,albumin,0.0,proton,5.036881663643683
endosome55w,initOrgProp,area,13404.501887642611,volume,102118.75117140546,xcoor,42.19495924905844,ycoor,16.625268823087502,
endosome55w,initRabContent,RabD,13404.501887642611
endosome55w,initMembraneContent,TfR,4529.465615285705,GalT,4529.465615285705,L1,4529.465615285705,membraneMarker,0.0,chol,4529.465615285705,lipid,4529.465615285705,p75,4529.465615285705
endosome55w,initSolubleContent,ProC,0.0,albumin,76742.7899174069,solubleMarker,0.0,proton,10.211875117140687
endosome56H,initOrgProp,area,22268.15054857346,volume,190022.60799768814,xcoor,10.596190457525669,ycoor,1.7668874591798263,
endosome56H,initRabContent,RabD,22268.15054857346
endosome56H,initMembraneContent,TfR,7615.961168736521,GalT,7615.961168736521,L1,7615.961168736521,membraneMarker,0.0,chol,7615.961168736521,lipid,7615.961168736521,p75,7615.961168736521
endosome56H,initSolubleContent,ProC,0.0,albumin,144213.6047051518,solubleMarker,0.0,proton,19.00226079976908
endosome57t,initOrgProp,area,20783.24487913027,volume,185371.83415752993,xcoor,48.650127936181136,ycoor,4.5733621207659265,
endosome57t,initRabContent,RabD,20783.24487913027
endosome57t,initMembraneContent,TfR,7093.832258167646,GalT,7093.832258167646,L1,7093.832258167646,membraneMarker,0.0,chol,7093.832258167646,lipid,7093.832258167646,p75,7093.832258167646
endosome57t,initSolubleContent,ProC,0.0,albumin,142569.8596841493,solubleMarker,0.0,proton,18.53718341575324
endosome58b,initOrgProp,area,13823.007675795092,volume,125663.70614359171,xcoor,10.435621417344644,ycoor,3.343653637467946,
endosome58b,initRabContent,RabE,13823.007675795092
endosome58b,initMembraneContent,TfR,0.0
endosome58b,initSolubleContent,albumin,0.0,proton,11.000140696896324
endosome59X,initOrgProp,area,21362.830044410595,volume,201061.92982974675,xcoor,48.22814382655535,ycoor,45.50744441536587,
endosome59X,initRabContent,RabE,21362.830044410595
endosome59X,initMembraneContent,TfR,0.0
endosome59X,initSolubleContent,albumin,0.0,proton,17.600225115034164
endosome60E,initOrgProp,area,13823.007675795092,volume,125663.70614359171,xcoor,35.37613974075657,ycoor,44.91922369807812,
endosome60E,initRabContent,RabE,13823.007675795092
endosome60E,initMembraneContent,TfR,0.0
endosome60E,initSolubleContent,albumin,0.0,proton,11.000140696896324
endosome61q,initOrgProp,area,33103.77326489596,volume,402123.8596594935,xcoor,30.861854697287782,ycoor,47.26256826172758,
endosome61q,initRabContent,RabA,2944.483790433951,RabB,30159.289474462006
endosome61q,initMembraneContent,TfR,0.0
endosome61q,initSolubleContent,albumin,0.0,proton,40.02425367543581
endosome62r,initOrgProp,area,7539.822368615503,volume,50265.48245743669,xcoor,20.99584545911616,ycoor,13.115120803905075,
endosome62r,initRabContent,RabB,7539.822368615503
endosome62r,initMembraneContent,TfR,0.0
endosome62r,initSolubleContent,albumin,0.0,proton,5.087763078138707
endosome63X,initOrgProp,area,7539.822368615503,volume,50265.48245743669,xcoor,41.83513922783162,ycoor,8.465422990773774,
endosome63X,initRabContent,RabA,7539.822368615503
endosome63X,initMembraneContent,TfR,0.0
endosome63X,initSolubleContent,albumin,0.0,proton,5.029744008987137
endosome64t,initOrgProp,area,19300.824612802135,volume,171885.9469422762,xcoor,46.344577023675356,ycoor,1.5025909347485016,
endosome64t,initRabContent,RabD,19300.824612802135
endosome64t,initMembraneContent,TfR,6588.110820915264,GalT,6588.110820915264,L1,6588.110820915264,membraneMarker,0.0,chol,6588.110820915264,lipid,6588.110820915264,p75,6588.110820915264
endosome64t,initSolubleContent,ProC,0.0,albumin,132204.98264840984,solubleMarker,0.0,proton,17.18859469422784
endosome65y,initOrgProp,area,66356.64913360067,volume,1407433.508808225,xcoor,15.898423616392503,ycoor,1.8246235252719851,
endosome65y,initRabContent,RabA,66356.64913360067
endosome65y,initMembraneContent,TfR,0.0
endosome65y,initSolubleContent,albumin,0.0,proton,140.87520188489722
endosome66K,initOrgProp,area,20783.24487913027,volume,185371.83415752993,xcoor,39.99050738942924,ycoor,7.30824949663598,
endosome66K,initRabContent,RabD,20783.24487913027
endosome66K,initMembraneContent,TfR,7093.832258167646,GalT,7093.832258167646,L1,7093.832258167646,membraneMarker,0.0,chol,7093.832258167646,lipid,7093.832258167646,p75,7093.832258167646
endosome66K,initSolubleContent,ProC,0.0,albumin,142569.8596841493,solubleMarker,0.0,proton,18.53718341575324
endosome67J,initOrgProp,area,87350.98173606728,volume,2362477.6754995203,xcoor,40.774646167290875,ycoor,46.612668138761926,
endosome67J,initRabContent,RabC,7539.822368615503,RabB,79811.1593674518
endosome67J,initMembraneContent,TfR,0.0
endosome67J,initSolubleContent,albumin,0.0,proton,250.4346915182467
endosome68O,initOrgProp,area,13473.546704852477,volume,121190.87396789766,xcoor,43.775115269864855,ycoor,4.362104129116121,
endosome68O,initRabContent,RabD,13473.546704852477
endosome68O,initMembraneContent,TfR,4598.910056070243,GalT,4598.910056070243,L1,4598.910056070243,membraneMarker,0.0,chol,4598.910056070243,lipid,4598.910056070243,p75,4598.910056070243
endosome68O,initSolubleContent,ProC,0.0,albumin,93240.25960724957,solubleMarker,0.0,proton,12.119087396789928
endosome69d,initOrgProp,area,7539.822368615503,volume,50265.48245743669,xcoor,34.88786547144237,ycoor,45.97276961443037,
endosome69d,initRabContent,RabC,7539.822368615503
endosome69d,initMembraneContent,TfR,0.0
endosome69d,initSolubleContent,albumin,0.0,proton,5.090727869966344
endosome70X,initOrgProp,area,21362.830044410595,volume,201061.92982974675,xcoor,6.872497352096387,ycoor,37.23645084627582,
endosome70X,initRabContent,RabE,21362.830044410595
endosome70X,initMembraneContent,TfR,0.0
endosome70X,initSolubleContent,albumin,0.0,proton,17.600225115034164
endosome71W,initOrgProp,area,7539.822368615503,volume,50265.48245743669,xcoor,27.79544914647556,ycoor,13.25242763447943,
endosome71W,initRabContent,RabB,7539.822368615503
endosome71W,initMembraneContent,TfR,0.0
endosome71W,initSolubleContent,albumin,0.0,proton,5.000944374272365
endosome72G,initOrgProp,area,12566.370614359173,volume,100530.96491487337,xcoor,3.77413010668173,ycoor,21.24564062358677,
endosome72G,initRabContent,RabD,12566.370614359173
endosome72G,initMembraneContent,TfR,4280.547772016171,GalT,4280.547772016171,L1,4280.547772016171,membraneMarker,0.0,chol,4280.547772016171,lipid,4280.547772016171,p75,4280.547772016171
endosome72G,initSolubleContent,ProC,0.0,albumin,77174.7251627756,solubleMarker,0.0,proton,10.05309649148748
endosome73b,initOrgProp,area,32049.586122475543,volume,398030.1710878823,xcoor,34.25165506125474,ycoor,5.960305037016463,
endosome73b,initRabContent,RabE,17592.918860102844,RabC,4753.742814773632,RabA,3813.9568667310814,RabB,5888.967580867902
endosome73b,initMembraneContent,TfR,0.0
endosome73b,initSolubleContent,albumin,0.0,proton,40.38996906561073
endosome74u,initOrgProp,area,7539.822368615503,volume,50265.48245743669,xcoor,8.507007466012299,ycoor,44.59289403333482,
endosome74u,initRabContent,RabC,7539.822368615503
endosome74u,initMembraneContent,TfR,0.0
endosome74u,initSolubleContent,albumin,0.0,proton,5.055469440193178
endosome75V,initOrgProp,area,18815.442987394097,volume,162071.53491663575,xcoor,43.182646771197426,ycoor,39.15986101774817,
endosome75V,initRabContent,RabD,18815.442987394097
endosome75V,initMembraneContent,TfR,6151.175082161042,GalT,6151.175082161042,L1,6151.175082161042,membraneMarker,0.0,chol,6151.175082161042,lipid,6151.175082161042,p75,6151.175082161042
endosome75V,initSolubleContent,ProC,0.0,albumin,119092.07668800058,solubleMarker,0.0,proton,16.207153491663743
endosome76I,initOrgProp,area,13019.404053754162,volume,111344.48461600285,xcoor,0.26971756629900684,ycoor,47.39625266308327,
endosome76I,initRabContent,RabE,12103.754178153195,RabC,915.6498756009787
endosome76I,initMembraneContent,TfR,0.0
endosome76I,initSolubleContent,albumin,0.0,proton,13.59730185033538
endosome77Z,initOrgProp,area,23785.881685555254,volume,201061.92982974675,xcoor,41.582268976627354,ycoor,45.94000648353337,
endosome77Z,initRabContent,RabB,23785.881685555254
endosome77Z,initMembraneContent,TfR,0.0
endosome77Z,initSolubleContent,albumin,0.0,proton,21.57173159471469
endosome78P,initOrgProp,area,53209.96624787067,volume,1062536.16648138,xcoor,8.096283026557614,ycoor,47.527008517460274,
endosome78P,initRabContent,RabE,52778.75658030855,RabC,431.2096675621251
endosome78P,initMembraneContent,TfR,0.0
endosome78P,initSolubleContent,albumin,0.0,proton,79.14824383925485
endosome79h,initOrgProp,area,54035.393641744464,volume,980777.2955970095,xcoor,10.04863362736326,ycoor,47.20921458929101,
endosome79h,initRabContent,RabE,54035.393641744464
endosome79h,initMembraneContent,TfR,0.0
endosome79h,initSolubleContent,albumin,0.0,proton,75.41413286412924
endosome80U,initOrgProp,area,7539.822368615503,volume,50265.48245743669,xcoor,25.352115142418416,ycoor,34.61952495975016,
endosome80U,initRabContent,RabB,7539.822368615503
endosome80U,initMembraneContent,TfR,0.0
endosome80U,initSolubleContent,albumin,0.0,proton,5.105257932458265
endosome81H,initOrgProp,area,28812.429931298924,volume,301592.89474462013,xcoor,16.574287688271895,ycoor,1.9310190279368096,
endosome81H,initRabContent,RabC,28812.429931298924
endosome81H,initMembraneContent,TfR,0.0
endosome81H,initSolubleContent,albumin,0.0,proton,31.582955582699356
endosome82R,initOrgProp,area,48667.85821016585,volume,703716.7544041137,xcoor,11.163485484982129,ycoor,48.47752908660297,
endosome82R,initRabContent,RabB,48667.85821016585
endosome82R,initMembraneContent,TfR,0.0
endosome82R,initSolubleContent,albumin,0.0,proton,71.88753622455278
endosome83e,initOrgProp,area,16246.05931693975,volume,150796.44737231007,xcoor,37.163356071558795,ycoor,47.66316214564926,
endosome83e,initRabContent,RabB,16246.05931693975
endosome83e,initMembraneContent,TfR,0.0
endosome83e,initSolubleContent,albumin,0.0,proton,15.05945401664296
endosome84e,initOrgProp,area,22019.421076470528,volume,194558.4492116837,xcoor,48.9222490261099,ycoor,32.10605338370764,
endosome84e,initRabContent,RabD,22019.421076470528
endosome84e,initMembraneContent,TfR,7522.028090657358,GalT,7522.028090657358,L1,7522.028090657358,membraneMarker,0.0,chol,7522.028090657358,lipid,7522.028090657358,p75,7522.028090657358
endosome84e,initSolubleContent,ProC,0.0,albumin,148560.25291513285,solubleMarker,0.0,proton,19.45584492116865
endosome85T,initOrgProp,area,21045.56475035486,volume,189006.1043403879,xcoor,43.16383688740708,ycoor,13.047085465342981,
endosome85T,initRabContent,RabD,21045.56475035486
endosome85T,initMembraneContent,TfR,7156.619788421856,GalT,7156.619788421856,L1,7156.619788421856,membraneMarker,0.0,chol,7156.619788421856,lipid,7156.619788421856,p75,7156.619788421856
endosome85T,initSolubleContent,ProC,0.0,albumin,142846.10367221248,solubleMarker,0.0,proton,18.900610434039045
endosome86r,initOrgProp,area,7539.822368615503,volume,50265.48245743669,xcoor,8.134382216740399,ycoor,7.581644836423874,
endosome86r,initRabContent,RabB,7539.822368615503
endosome86r,initMembraneContent,TfR,0.0
endosome86r,initSolubleContent,albumin,0.0,proton,5.093688865624635
endosome87f,initOrgProp,area,20106.192982974677,volume,201061.92982974675,xcoor,39.11221487776653,ycoor,45.17145036884453,
endosome87f,initRabContent,RabA,20106.192982974677
endosome87f,initMembraneContent,TfR,0.0
endosome87f,initSolubleContent,albumin,0.0,proton,21.69267172798112
endosome88l,initOrgProp,area,46889.78899944065,volume,753982.2368615506,xcoor,38.2520277543026,ycoor,47.624873571599146,
endosome88l,initRabContent,RabB,46889.78899944065
endosome88l,initMembraneContent,TfR,0.0
endosome88l,initSolubleContent,albumin,0.0,proton,76.27139326728306
endosome89n,initOrgProp,area,26783.59601646594,volume,351858.3772020568,xcoor,28.329549900499394,ycoor,48.18511053438977,
endosome89n,initRabContent,RabB,26783.59601646594
endosome89n,initMembraneContent,TfR,0.0
endosome89n,initSolubleContent,albumin,0.0,proton,35.65582205937241
endosome90D,initOrgProp,area,21309.918997687917,volume,198861.7997311145,xcoor,5.340285410455578,ycoor,8.108964124631065,
endosome90D,initRabContent,RabD,21309.918997687917
endosome90D,initMembraneContent,TfR,7270.553795550327,GalT,7270.553795550327,L1,7270.553795550327,membraneMarker,0.0,chol,7270.553795550327,lipid,7270.553795550327,p75,7270.553795550327
endosome90D,initSolubleContent,ProC,0.0,albumin,152411.75032194494,solubleMarker,0.0,proton,19.886179973111716
endosome91U,initOrgProp,area,23965.317626647993,volume,225101.60599091268,xcoor,48.321581935106494,ycoor,1.5625168611231206,
endosome91U,initRabContent,RabD,23965.317626647993
endosome91U,initMembraneContent,TfR,8174.282597808845,GalT,8174.282597808845,L1,8174.282597808845,membraneMarker,0.0,chol,8174.282597808845,lipid,8174.282597808845,p75,8174.282597808845
endosome91U,initSolubleContent,ProC,0.0,albumin,172083.04508479917,solubleMarker,0.0,proton,22.51016059909157
endosome92u,initOrgProp,area,23965.317626647993,volume,225101.60599091268,xcoor,48.062291578033204,ycoor,1.5099517791373633,
endosome92u,initRabContent,RabD,23965.317626647993
endosome92u,initMembraneContent,TfR,8174.282597808843,GalT,8174.282597808843,L1,8174.282597808843,membraneMarker,0.0,chol,8174.282597808843,lipid,8174.282597808843,p75,8174.282597808843
endosome92u,initSolubleContent,ProC,0.0,albumin,172083.04508479917,solubleMarker,0.0,proton,22.51016059909157
endosome93z,initOrgProp,area,16057.261847590491,volume,144932.360519132,xcoor,11.564277391565469,ycoor,2.1582777711536334,
endosome93z,initRabContent,RabD,16057.261847590491
endosome93z,initMembraneContent,TfR,5480.904998846827,GalT,5480.904998846827,L1,5480.904998846827,membraneMarker,0.0,chol,5480.904998846827,lipid,5480.904998846827,p75,5480.904998846827
endosome93z,initSolubleContent,ProC,0.0,albumin,111503.83489537504,solubleMarker,0.0,proton,14.49323605191339
endosome94c,initOrgProp,area,33488.2600853766,volume,452389.3421169302,xcoor,32.79212843252558,ycoor,46.81368516955973,
endosome94c,initRabContent,RabB,33488.2600853766
endosome94c,initMembraneContent,TfR,0.0
endosome94c,initSolubleContent,albumin,0.0,proton,46.168025607432526
endosome95z,initOrgProp,area,45754.09188086446,volume,753982.2368615506,xcoor,0.32398687163761447,ycoor,45.9609724816491,
endosome95z,initRabContent,RabB,45754.09188086446
endosome95z,initMembraneContent,TfR,0.0
endosome95z,initSolubleContent,albumin,0.0,proton,80.25611852449755
endosome96Q,initOrgProp,area,19038.34146203051,volume,169745.40486540785,xcoor,44.165293366004256,ycoor,31.49317144180365,
endosome96Q,initRabContent,RabD,19038.34146203051
endosome96Q,initMembraneContent,TfR,6501.466544752093,GalT,6501.466544752093,L1,6501.466544752093,membraneMarker,0.0,chol,6501.466544752093,lipid,6501.466544752093,p75,6501.466544752093
endosome96Q,initSolubleContent,ProC,0.0,albumin,130032.04390525394,solubleMarker,0.0,proton,16.974540486541024
endosome97U,initOrgProp,area,12566.370614359173,volume,100530.96491487337,xcoor,34.90145952256845,ycoor,1.508566814219738,
endosome97U,initRabContent,RabE,12566.370614359173
endosome97U,initMembraneContent,TfR,0.0
endosome97U,initSolubleContent,albumin,0.0,proton,11.052450921146544
endosome98O,initOrgProp,area,7539.822368615503,volume,50265.48245743669,xcoor,45.58913230103821,ycoor,36.08569077844203,
endosome98O,initRabContent,RabB,7539.822368615503
endosome98O,initMembraneContent,TfR,0.0
endosome98O,initSolubleContent,albumin,0.0,proton,5.084759551152217
endosome99K,initOrgProp,area,134619.48366535248,volume,1759291.8860102843,xcoor,4.471047332980815,ycoor,48.451232221462185,
endosome99K,initRabContent,RabB,134619.48366535248
endosome99K,initMembraneContent,TfR,0.0
endosome99K,initSolubleContent,albumin,0.0,proton,191.0878618930065
endosome100b,initOrgProp,area,78384.27655799875,volume,904778.68423386,xcoor,34.12340932340377,ycoor,1.5532374241115963,
endosome100b,initRabContent,RabA,78384.27655799875
endosome100b,initMembraneContent,TfR,0.0
endosome100b,initSolubleContent,albumin,0.0,proton,90.94448574621964
endosome101B,initOrgProp,area,7539.822368615503,volume,50265.48245743669,xcoor,19.764599564673272,ycoor,23.6997595193239,
endosome101B,initRabContent,RabB,7539.822368615503
endosome101B,initMembraneContent,TfR,0.0
endosome101B,initSolubleContent,albumin,0.0,proton,5.093688865624628
endosome102s,initOrgProp,area,7539.822368615503,volume,50265.48245743669,xcoor,18.30869573633885,ycoor,11.120848590091725,
endosome102s,initRabContent,RabB,7539.822368615503
endosome102s,initMembraneContent,TfR,0.0
endosome102s,initSolubleContent,albumin,0.0,proton,5.367196142551535
endosome103x,initOrgProp,area,21991.148575128555,volume,251327.41228718357,xcoor,13.859103583761389,ycoor,1.502589891070071,
endosome103x,initRabContent,RabD,21991.148575128555
endosome103x,initMembraneContent,TfR,7482.564648864764,GalT,7482.564648864764,L1,7482.564648864764,membraneMarker,0.0,chol,7482.564648864764,lipid,7482.564648864764,p75,7482.564648864764
endosome103x,initSolubleContent,ProC,0.0,albumin,193613.76931723827,solubleMarker,0.0,proton,25.132741228718874
endosome104M,initOrgProp,area,12566.370614359173,volume,100530.96491487337,xcoor,11.584749440710253,ycoor,1.5061678773835068,
endosome104M,initRabContent,RabD,12566.370614359173
endosome104M,initMembraneContent,TfR,4275.751227922723,GalT,4275.751227922723,L1,4275.751227922723,membraneMarker,0.0,chol,4275.751227922723,lipid,4275.751227922723,p75,4275.751227922723
endosome104M,initSolubleContent,ProC,0.0,albumin,77445.50772689524,solubleMarker,0.0,proton,10.053096491487544
endosome105l,initOrgProp,area,29728.079806899892,volume,351858.3772020568,xcoor,37.64402254964382,ycoor,2.078510141770618,
endosome105l,initRabContent,RabA,22188.25743828439,RabB,7539.822368615503
endosome105l,initMembraneContent,TfR,0.0
endosome105l,initSolubleContent,albumin,0.0,proton,35.75866448032988
endosome106p,initOrgProp,area,20106.192982974677,volume,201061.92982974675,xcoor,25.50850334748512,ycoor,1.7420123400442058,
endosome106p,initRabContent,RabC,20106.192982974677
endosome106p,initMembraneContent,TfR,0.0
endosome106p,initSolubleContent,albumin,0.0,proton,21.029189909574605
endosome107S,initOrgProp,area,15079.644737231007,volume,100530.96491487337,xcoor,39.79183157183903,ycoor,22.672012742845304,
endosome107S,initRabContent,RabA,7539.822368615503,RabB,7539.822368615503
endosome107S,initMembraneContent,TfR,0.0
endosome107S,initSolubleContent,albumin,0.0,proton,10.982246565257697
endosome108G,initOrgProp,area,17892.232067649064,volume,161749.47766146032,xcoor,37.54865910778564,ycoor,1.5192083766464064,
endosome108G,initRabContent,RabD,17892.232067649064
endosome108G,initMembraneContent,TfR,6088.447783920828,GalT,6088.447783920828,L1,6088.447783920828,membraneMarker,0.0,chol,6088.447783920828,lipid,6088.447783920828,p75,6088.447783920828
endosome108G,initSolubleContent,ProC,0.0,albumin,124623.99167754648,solubleMarker,0.0,proton,16.17494776614625
endosome109O,initOrgProp,area,7539.822368615503,volume,50265.48245743669,xcoor,33.32484599529686,ycoor,23.84460872564599,
endosome109O,initRabContent,RabB,7539.822368615503
endosome109O,initMembraneContent,TfR,0.0
endosome109O,initSolubleContent,albumin,0.0,proton,5.129780623048063
endosome110h,initOrgProp,area,36777.36750472558,volume,502654.82457436685,xcoor,19.095577157998548,ycoor,30.613733281290653,
endosome110h,initRabContent,RabB,36777.36750472558
endosome110h,initMembraneContent,TfR,0.0
endosome110h,initSolubleContent,albumin,0.0,proton,51.191259660739135
endosome111R,initOrgProp,area,88934.6100873734,volume,2211681.2281272137,xcoor,45.94179666592038,ycoor,47.175965106473456,
endosome111R,initRabContent,RabB,88934.6100873734
endosome111R,initMembraneContent,TfR,0.0
endosome111R,initSolubleContent,albumin,0.0,proton,238.76777675661842
endosome112h,initOrgProp,area,7539.822368615503,volume,46171.79388582711,xcoor,32.754978469897345,ycoor,1.5273522921821825,
endosome112h,initRabContent,RabE,7539.822368615503
endosome112h,initMembraneContent,TfR,0.0
endosome112h,initSolubleContent,albumin,0.0,proton,5.088860750900743
endosome113E,initOrgProp,area,7539.822368615503,volume,50265.48245743669,xcoor,29.242771392240176,ycoor,9.132617467103891,
endosome113E,initRabContent,RabB,7539.822368615503
endosome113E,initMembraneContent,TfR,0.0
endosome113E,initSolubleContent,albumin,0.0,proton,5.168455058086522
endosome114D,initOrgProp,area,12135.160946797056,volume,100530.96491487337,xcoor,37.53581836452925,ycoor,48.16289711375889,
endosome114D,initRabContent,RabB,12135.160946797056
endosome114D,initMembraneContent,TfR,0.0
endosome114D,initSolubleContent,albumin,0.0,proton,10.169519102304406
endosome115j,initOrgProp,area,12566.370614359173,volume,100530.96491487337,xcoor,23.49472212083852,ycoor,1.604431126227632,
endosome115j,initRabContent,RabE,12566.370614359173
endosome115j,initMembraneContent,TfR,0.0
endosome115j,initSolubleContent,albumin,0.0,proton,6.581830564785946
endosome116t,initOrgProp,area,78456.22211859535,volume,2010619.2982974628,xcoor,26.769265423746912,ycoor,1.5055427132315726,
endosome116t,initRabContent,RabC,78456.22211859535
endosome116t,initMembraneContent,TfR,0.0
endosome116t,initSolubleContent,albumin,0.0,proton,210.1029706764023
endosome117B,initOrgProp,area,18725.928335570105,volume,165849.65698701347,xcoor,36.92665104163977,ycoor,15.363198504072153,
endosome117B,initRabContent,RabD,18725.928335570105
endosome117B,initMembraneContent,TfR,6346.671560364499,GalT,6346.671560364499,L1,6346.671560364499,membraneMarker,0.0,chol,6346.671560364499,lipid,6346.671560364499,p75,6346.671560364499
endosome117B,initSolubleContent,ProC,0.0,albumin,126202.18490418898,solubleMarker,0.0,proton,16.584965698701588
endosome118K,initOrgProp,area,29728.079806899892,volume,351858.3772020568,xcoor,16.662713508348915,ycoor,1.9402251167943705,
endosome118K,initRabContent,RabA,29728.079806899892
endosome118K,initMembraneContent,TfR,0.0
endosome118K,initSolubleContent,albumin,0.0,proton,35.33876469702385
endosome119Z,initOrgProp,area,7539.822368615503,volume,50265.48245743669,xcoor,16.657453643865928,ycoor,21.631302061785373,
endosome119Z,initRabContent,RabB,7539.822368615503
endosome119Z,initMembraneContent,TfR,0.0
endosome119Z,initSolubleContent,albumin,0.0,proton,5.119125966073909
endosome120m,initOrgProp,area,45031.68854095379,volume,653451.2719466771,xcoor,1.314984285639614,ycoor,47.231348663940764,
endosome120m,initRabContent,RabB,45031.68854095379
endosome120m,initMembraneContent,TfR,0.0
endosome120m,initSolubleContent,albumin,0.0,proton,69.5553027212312
endosome121s,initOrgProp,area,7539.822368615503,volume,50265.48245743669,xcoor,26.943177783316425,ycoor,13.217774179289785,
endosome121s,initRabContent,RabC,7539.822368615503
endosome121s,initMembraneContent,TfR,0.0
endosome121s,initSolubleContent,albumin,0.0,proton,5.08475955115216
endosome122N,initOrgProp,area,22320.128551575097,volume,198068.54428703265,xcoor,3.88241475337668,ycoor,47.86582441066594,
endosome122N,initRabContent,RabE,22320.128551575097
endosome122N,initMembraneContent,
endosome122N,initSolubleContent,proton,26.604661396272196
endosome123y,initOrgProp,area,19674.98331541256,volume,150796.44737231007,xcoor,20.916723560887473,ycoor,1.5205352727748822,
endosome123y,initRabContent,RabA,12135.160946797056,RabB,7539.822368615503
endosome123y,initMembraneContent,TfR,0.0
endosome123y,initSolubleContent,albumin,0.0,proton,15.130708882654488
endosome124n,initOrgProp,area,20106.192982974677,volume,201061.92982974675,xcoor,28.81197982569853,ycoor,1.5,
endosome124n,initRabContent,RabC,20106.192982974677
endosome124n,initMembraneContent,TfR,0.0
endosome124n,initSolubleContent,albumin,0.0,proton,21.010297067640295
endosome125K,initOrgProp,area,49556.23118961851,volume,753982.2368615507,xcoor,26.770712821726697,ycoor,1.5390156732160618,
endosome125K,initRabContent,RabC,49556.23118961851
endosome125K,initMembraneContent,TfR,0.0
endosome125K,initSolubleContent,albumin,0.0,proton,78.78861400365113
endosome126N,initOrgProp,area,28289.804829183857,volume,362898.5372653711,xcoor,34.12269763935278,ycoor,1.520919205666913,
endosome126N,initRabContent,RabD,28289.804829183857
endosome126N,initMembraneContent,TfR,9630.880291092219,GalT,9630.880291092219,L1,9630.880291092219,membraneMarker,0.0,chol,9630.880291092219,lipid,9630.880291092219,p75,9630.880291092219
endosome126N,initSolubleContent,ProC,0.0,albumin,279539.6633031677,solubleMarker,0.0,proton,36.28985372653765
endosome127z,initOrgProp,area,20937.33253599089,volume,162371.33909179928,xcoor,38.103949117563396,ycoor,1.5487502754446156,
endosome127z,initRabContent,RabD,20937.33253599089
endosome127z,initMembraneContent,TfR,7128.5112415711665,GalT,7128.5112415711665,L1,7128.5112415711665,membraneMarker,0.0,chol,7128.5112415711665,lipid,7128.5112415711665,p75,7128.5112415711665
endosome127z,initSolubleContent,ProC,0.0,albumin,125078.43703793308,solubleMarker,0.0,proton,16.23713390918024
endosome128h,initOrgProp,area,22320.128551575097,volume,191785.35897985304,xcoor,48.773774019091505,ycoor,48.34918780819646,
endosome128h,initRabContent,RabE,22320.128551575097
endosome128h,initMembraneContent,
endosome128h,initSolubleContent,proton,26.60466139627219
endosome129k,initOrgProp,area,7539.822368615503,volume,50265.48245743669,xcoor,30.372182524560046,ycoor,29.14123522523975,
endosome129k,initRabContent,RabD,7539.822368615503
endosome129k,initMembraneContent,TfR,2565.8833056576914,GalT,2565.8833056576914,L1,2565.8833056576914,membraneMarker,0.0,chol,2565.8833056576914,lipid,2565.8833056576914,p75,2565.8833056576914
endosome129k,initSolubleContent,ProC,0.0,albumin,38724.80852916464,solubleMarker,0.0,proton,5.026548245743729
endosome130E,initOrgProp,area,16246.05931693975,volume,150796.44737231007,xcoor,41.48379628167939,ycoor,48.43809265966819,
endosome130E,initRabContent,RabB,16246.05931693975
endosome130E,initMembraneContent,TfR,0.0
endosome130E,initSolubleContent,albumin,0.0,proton,15.985193075632765
endosome131j,initOrgProp,area,374089.6740350166,volume,4900884.539600073,xcoor,19.49459348718026,ycoor,2.4875090360142655,
endosome131j,initRabContent,RabE,32672.56359733385,RabC,326337.4657004518,RabB,15079.644737231007
endosome131j,initMembraneContent,TfR,0.0
endosome131j,initSolubleContent,albumin,0.0,proton,518.1539509407422
endosome132Y,initOrgProp,area,128041.52048736406,volume,1407433.5088082189,xcoor,28.81197301956156,ycoor,1.5,
endosome132Y,initRabContent,RabE,17592.918860102844,RabC,2262.0172957242175,RabA,103907.97867514557,RabB,4278.6056563913735
endosome132Y,initMembraneContent,TfR,0.0
endosome132Y,initSolubleContent,albumin,0.0,proton,141.4339332242041
endosome133g,initOrgProp,area,23806.074184024328,volume,251327.41228718343,xcoor,26.76979448846242,ycoor,1.517778022592702,
endosome133g,initRabContent,RabC,23806.074184024328
endosome133g,initMembraneContent,TfR,0.0
endosome133g,initSolubleContent,albumin,0.0,proton,26.26287133455037
endosome134m,initOrgProp,area,12135.160946797056,volume,100530.96491487337,xcoor,31.611762504184245,ycoor,47.85149331246335,
endosome134m,initRabContent,RabB,12135.160946797056
endosome134m,initMembraneContent,TfR,0.0
endosome134m,initSolubleContent,albumin,0.0,proton,10.25956124609612
endosome135d,initOrgProp,area,17751.65566012711,volume,152030.78897498213,xcoor,37.09885074333288,ycoor,1.6666712861830453,
endosome135d,initRabContent,RabD,17751.65566012711
endosome135d,initMembraneContent,TfR,6042.715786052681,GalT,6042.715786052681,L1,6042.715786052681,membraneMarker,0.0,chol,6042.715786052681,lipid,6042.715786052681,p75,6042.715786052681
endosome135d,initSolubleContent,ProC,0.0,albumin,117114.15886330762,solubleMarker,0.0,proton,15.203078897498425
endosome136B,initOrgProp,area,17751.65566012711,volume,152030.78897498213,xcoor,36.391375597947366,ycoor,1.500352858359546,
endosome136B,initRabContent,RabD,17751.65566012711
endosome136B,initMembraneContent,TfR,6042.715786052681,GalT,6042.715786052681,L1,6042.715786052681,membraneMarker,0.0,chol,6042.715786052681,lipid,6042.715786052681,p75,6042.715786052681
endosome136B,initSolubleContent,ProC,0.0,albumin,117114.15886330762,solubleMarker,0.0,proton,15.203078897498425
endosome137o,initOrgProp,area,17751.65566012711,volume,152030.78897498213,xcoor,36.528922560107944,ycoor,1.5075872298601305,
endosome137o,initRabContent,RabD,17751.65566012711
endosome137o,initMembraneContent,TfR,6042.715786052681,GalT,6042.715786052681,L1,6042.715786052681,membraneMarker,0.0,chol,6042.715786052681,lipid,6042.715786052681,p75,6042.715786052681
endosome137o,initSolubleContent,ProC,0.0,albumin,117114.15886330762,solubleMarker,0.0,proton,15.203078897498425
endosome138o,initOrgProp,area,17751.65566012711,volume,152030.78897498213,xcoor,40.17370838476919,ycoor,1.510929878692929,
endosome138o,initRabContent,RabD,17751.65566012711
endosome138o,initMembraneContent,TfR,6042.715786052681,GalT,6042.715786052681,L1,6042.715786052681,membraneMarker,0.0,chol,6042.715786052681,lipid,6042.715786052681,p75,6042.715786052681
endosome138o,initSolubleContent,ProC,0.0,albumin,117114.15886330762,solubleMarker,0.0,proton,15.203078897498425
endosome139m,initOrgProp,area,17751.65566012711,volume,152030.78897498213,xcoor,37.04059316272668,ycoor,1.5931244406565643,
endosome139m,initRabContent,RabD,17751.65566012711
endosome139m,initMembraneContent,TfR,6042.715786052681,GalT,6042.715786052681,L1,6042.715786052681,membraneMarker,0.0,chol,6042.715786052681,lipid,6042.715786052681,p75,6042.715786052681
endosome139m,initSolubleContent,ProC,0.0,albumin,117114.15886330762,solubleMarker,0.0,proton,15.203078897498425
endosome140d,initOrgProp,area,17751.65566012711,volume,152030.78897498213,xcoor,35.605772131084215,ycoor,1.5073085064567988,
endosome140d,initRabContent,RabD,17751.65566012711
endosome140d,initMembraneContent,TfR,6042.715786052681,GalT,6042.715786052681,L1,6042.715786052681,membraneMarker,0.0,chol,6042.715786052681,lipid,6042.715786052681,p75,6042.715786052681
endosome140d,initSolubleContent,ProC,0.0,albumin,117114.15886330762,solubleMarker,0.0,proton,15.203078897498425
endosome141G,initOrgProp,area,17751.65566012711,volume,152030.78897498213,xcoor,39.02494401249255,ycoor,3.596062320607509,
endosome141G,initRabContent,RabD,17751.65566012711
endosome141G,initMembraneContent,TfR,6042.715786052681,GalT,6042.715786052681,L1,6042.715786052681,membraneMarker,0.0,chol,6042.715786052681,lipid,6042.715786052681,p75,6042.715786052681
endosome141G,initSolubleContent,ProC,0.0,albumin,117114.15886330762,solubleMarker,0.0,proton,15.203078897498425
endosome142l,initOrgProp,area,17751.65566012711,volume,152030.78897498213,xcoor,47.30871922933459,ycoor,10.895045211815134,
endosome142l,initRabContent,RabD,17751.65566012711
endosome142l,initMembraneContent,TfR,6042.715786052681,GalT,6042.715786052681,L1,6042.715786052681,membraneMarker,0.0,chol,6042.715786052681,lipid,6042.715786052681,p75,6042.715786052681
endosome142l,initSolubleContent,ProC,0.0,albumin,117114.15886330762,solubleMarker,0.0,proton,15.203078897498425
endosome143P,initOrgProp,area,17751.65566012711,volume,152030.78897498213,xcoor,40.18399005136633,ycoor,5.258219412470916,
endosome143P,initRabContent,RabD,17751.65566012711
endosome143P,initMembraneContent,TfR,6042.715786052681,GalT,6042.715786052681,L1,6042.715786052681,membraneMarker,0.0,chol,6042.715786052681,lipid,6042.715786052681,p75,6042.715786052681
endosome143P,initSolubleContent,ProC,0.0,albumin,117114.15886330762,solubleMarker,0.0,proton,15.203078897498425
endosome144Q,initOrgProp,area,17751.65566012711,volume,152030.78897498213,xcoor,37.36678868081858,ycoor,6.923780974623089,
endosome144Q,initRabContent,RabD,17751.65566012711
endosome144Q,initMembraneContent,TfR,6042.715786052681,GalT,6042.715786052681,L1,6042.715786052681,membraneMarker,0.0,chol,6042.715786052681,lipid,6042.715786052681,p75,6042.715786052681
endosome144Q,initSolubleContent,ProC,0.0,albumin,117114.15886330762,solubleMarker,0.0,proton,15.203078897498425
endosome145V,initOrgProp,area,21309.918997687917,volume,198861.7997311145,xcoor,49.69282820402382,ycoor,4.483170321569851,
endosome145V,initRabContent,RabD,21309.918997687917
endosome145V,initMembraneContent,TfR,7270.553795550327,GalT,7270.553795550327,L1,7270.553795550327,membraneMarker,0.0,chol,7270.553795550327,lipid,7270.553795550327,p75,7270.553795550327
endosome145V,initSolubleContent,ProC,0.0,albumin,152411.75032194494,solubleMarker,0.0,proton,19.886179973111716
endosome146f,initOrgProp,area,82911.18577403012,volume,1910088.3333825902,xcoor,33.39075902657565,ycoor,1.519131874624153,
endosome146f,initRabContent,RabA,82911.18577403012
endosome146f,initMembraneContent,TfR,0.0
endosome146f,initSolubleContent,albumin,0.0,proton,192.2057336560046
endosome147d,initOrgProp,area,20106.192982974677,volume,201061.92982974675,xcoor,2.714204503811933,ycoor,47.31640673294418,
endosome147d,initRabContent,RabB,20106.192982974677
endosome147d,initMembraneContent,TfR,0.0
endosome147d,initSolubleContent,albumin,0.0,proton,21.245312213519696
endosome148d,initOrgProp,area,16246.05931693975,volume,150796.44737231007,xcoor,24.213346039697683,ycoor,1.9988400760290739,
endosome148d,initRabContent,RabC,16246.05931693975
endosome148d,initMembraneContent,TfR,0.0
endosome148d,initSolubleContent,albumin,0.0,proton,15.771892432180952
endosome149J,initOrgProp,area,44467.397848136585,volume,753982.2368615507,xcoor,23.456479852043348,ycoor,1.841525012055994,
endosome149J,initRabContent,RabA,44467.397848136585
endosome149J,initMembraneContent,TfR,0.0
endosome149J,initSolubleContent,albumin,0.0,proton,75.69184438801932
endosome150l,initOrgProp,area,12566.370614359173,volume,100530.96491487337,xcoor,24.204728295849687,ycoor,2.026653673375048,
endosome150l,initRabContent,RabE,12566.370614359173
endosome150l,initMembraneContent,TfR,0.0
endosome150l,initSolubleContent,albumin,0.0,proton,7.730047972240698
endosome151h,initOrgProp,area,99489.96181561811,volume,1709026.4035528451,xcoor,39.4570075446248,ycoor,2.1099256049703627,
endosome151h,initRabContent,RabA,99489.96181561811
endosome151h,initMembraneContent,TfR,0.0
endosome151h,initSolubleContent,albumin,0.0,proton,171.97355116589893
endosome152N,initOrgProp,area,27646.015351590173,volume,301592.89474462025,xcoor,21.1263295008269,ycoor,1.8174113716783165,
endosome152N,initRabContent,RabD,27646.015351590173
endosome152N,initMembraneContent,TfR,9407.482322377888,GalT,9407.482322377888,L1,9407.482322377888,membraneMarker,0.0,chol,9407.482322377888,lipid,9407.482322377888,p75,9407.482322377888
endosome152N,initSolubleContent,ProC,0.0,albumin,232336.02816260507,solubleMarker,0.0,proton,30.159289474462387
endosome153t,initOrgProp,area,17592.918860102844,volume,150796.44737231007,xcoor,8.892142483290959,ycoor,47.01386490894881,
endosome153t,initRabContent,RabE,17592.918860102844
endosome153t,initMembraneContent,TfR,0.0
endosome153t,initSolubleContent,albumin,0.0,proton,11.232816692010573
endosome154d,initOrgProp,area,7539.822368615503,volume,50265.48245743669,xcoor,13.846027941621813,ycoor,14.070679317473465,
endosome154d,initRabContent,RabE,7539.822368615503
endosome154d,initMembraneContent,TfR,0.0
endosome154d,initSolubleContent,albumin,0.0,proton,3.744272230670177
endosome155f,initOrgProp,area,16246.05931693975,volume,150796.44737231007,xcoor,10.238540150071197,ycoor,10.547038664856675,
endosome155f,initRabContent,RabA,16246.05931693975
endosome155f,initMembraneContent,TfR,0.0
endosome155f,initSolubleContent,albumin,0.0,proton,15.772558968165413
endosome156V,initOrgProp,area,12566.370614359173,volume,100530.96491487337,xcoor,22.620839420093414,ycoor,2.072045692514108,
endosome156V,initRabContent,RabD,12566.370614359173
endosome156V,initMembraneContent,TfR,4276.128328353587,GalT,4276.128328353587,L1,4276.128328353587,membraneMarker,0.0,chol,4276.128328353587,lipid,4276.128328353587,p75,4276.128328353587
endosome156V,initSolubleContent,ProC,0.0,albumin,77445.3427208683,solubleMarker,0.0,proton,10.053096491487455
endosome157l,initOrgProp,area,27646.015351590166,volume,301592.8947446202,xcoor,22.955672339354326,ycoor,1.575602709972564,
endosome157l,initRabContent,RabD,27646.015351590166
endosome157l,initMembraneContent,TfR,9407.482322377875,GalT,9407.482322377875,L1,9407.482322377875,membraneMarker,0.0,chol,9407.482322377875,lipid,9407.482322377875,p75,9407.482322377875
endosome157l,initSolubleContent,ProC,0.0,albumin,232336.0281626055,solubleMarker,0.0,proton,30.1592894744625
endosome158J,initOrgProp,area,13823.007675795092,volume,125663.70614359171,xcoor,24.35331224719988,ycoor,1.5471019173910532,
endosome158J,initRabContent,RabD,13823.007675795092
endosome158J,initMembraneContent,TfR,4703.741161188939,GalT,4703.741161188939,L1,4703.741161188939,membraneMarker,0.0,chol,4703.741161188939,lipid,4703.741161188939,p75,4703.741161188939
endosome158J,initSolubleContent,ProC,0.0,albumin,96806.6784010856,solubleMarker,0.0,proton,12.566370614359375
endosome159X,initOrgProp,area,22619.467105846514,volume,201061.92982974675,xcoor,23.37045585504767,ycoor,4.579269000955364,
endosome159X,initRabContent,RabD,22619.467105846514
endosome159X,initMembraneContent,TfR,7697.030991036445,GalT,7697.030991036445,L1,7697.030991036445,membraneMarker,0.0,chol,7697.030991036445,lipid,7697.030991036445,p75,7697.030991036445
endosome159X,initSolubleContent,ProC,0.0,albumin,154890.68544173986,solubleMarker,0.0,proton,20.10619298297479
endosome160L,initOrgProp,area,20106.192982974677,volume,150796.44737231007,xcoor,21.400727986005418,ycoor,1.841222619281008,
endosome160L,initRabContent,RabD,20106.192982974677
endosome160L,initMembraneContent,TfR,6841.805325365727,GalT,6841.805325365727,L1,6841.805325365727,membraneMarker,0.0,chol,6841.805325365727,lipid,6841.805325365727,p75,6841.805325365727
endosome160L,initSolubleContent,ProC,0.0,albumin,116168.01408130219,solubleMarker,0.0,proton,15.079644737231213
endosome161t,initOrgProp,area,20106.192982974677,volume,201061.92982974675,xcoor,16.660428593972117,ycoor,1.6227777671266277,
endosome161t,initRabContent,RabE,7539.822368615503,RabC,12566.370614359173
endosome161t,initMembraneContent,TfR,0.0
endosome161t,initSolubleContent,albumin,0.0,proton,23.1786803220929
endosome162g,initOrgProp,area,23806.074184024328,volume,251327.41228718343,xcoor,26.789977688749914,ycoor,1.9845407685817293,
endosome162g,initRabContent,RabA,23806.074184024328
endosome162g,initMembraneContent,TfR,0.0
endosome162g,initSolubleContent,albumin,0.0,proton,25.23061479600642
endosome163b,initOrgProp,area,21362.830044410595,volume,201061.92982974675,xcoor,24.348722347452703,ycoor,1.561915727789465,
endosome163b,initRabContent,RabD,21362.830044410595
endosome163b,initMembraneContent,TfR,7269.418158201064,GalT,7269.418158201064,L1,7269.418158201064,membraneMarker,0.0,chol,7269.418158201064,lipid,7269.418158201064,p75,7269.418158201064
endosome163b,initSolubleContent,ProC,0.0,albumin,154890.6854417324,solubleMarker,0.0,proton,20.10619298297479
endosome164e,initOrgProp,area,156226.68463155796,volume,2814867.017616451,xcoor,23.574330235697346,ycoor,1.7823627088487193,
endosome164e,initRabContent,RabC,156226.68463155796
endosome164e,initMembraneContent,TfR,0.0
endosome164e,initSolubleContent,albumin,0.0,proton,289.4162531757497
endosome165d,initOrgProp,area,20106.192982974677,volume,201061.92982974675,xcoor,22.880860273994205,ycoor,1.6688753645840835,
endosome165d,initRabContent,RabA,20106.192982974677
endosome165d,initMembraneContent,TfR,0.0
endosome165d,initSolubleContent,albumin,0.0,proton,20.184491836805137
endosome166k,initOrgProp,area,24975.66159603886,volume,260752.19024795288,xcoor,26.77096462251628,ycoor,1.544838893830967,
endosome166k,initRabContent,RabD,24975.66159603886
endosome166k,initMembraneContent,TfR,8498.805052602731,GalT,8498.805052602731,L1,8498.805052602731,membraneMarker,0.0,chol,8498.805052602731,lipid,8498.805052602731,p75,8498.805052602731
endosome166k,initSolubleContent,ProC,0.0,albumin,200873.8576822498,solubleMarker,0.0,proton,26.075219024795548
endosome167L,initOrgProp,area,37491.86617233829,volume,603185.7894892404,xcoor,36.43977107664046,ycoor,1.5695517234698881,
endosome167L,initRabContent,RabA,37491.86617233829
endosome167L,initMembraneContent,TfR,0.0
endosome167L,initSolubleContent,albumin,0.0,proton,60.6965474703174
endosome168e,initOrgProp,area,22619.467105846514,volume,201061.92982974675,xcoor,25.866940788665207,ycoor,1.5482261031374982,
endosome168e,initRabContent,RabD,22619.467105846514
endosome168e,initMembraneContent,TfR,7697.030991036421,GalT,7697.030991036421,L1,7697.030991036421,membraneMarker,0.0,chol,7697.030991036421,lipid,7697.030991036421,p75,7697.030991036421
endosome168e,initSolubleContent,ProC,0.0,albumin,154890.68544173485,solubleMarker,0.0,proton,20.106192982974775
endosome169d,initOrgProp,area,79194.41957260782,volume,1558229.9561805348,xcoor,2.4491877135209004,ycoor,48.37474856414114,
endosome169d,initRabContent,RabB,79194.41957260782
endosome169d,initMembraneContent,TfR,0.0
endosome169d,initSolubleContent,albumin,0.0,proton,168.22275180579908
endosome170B,initOrgProp,area,72048.64650098172,volume,1457698.9912656618,xcoor,15.880083130442799,ycoor,2.0288224810854865,
endosome170B,initRabContent,RabC,72048.64650098172
endosome170B,initMembraneContent,TfR,0.0
endosome170B,initSolubleContent,albumin,0.0,proton,152.10974584089234
endosome171d,initOrgProp,area,26703.537555513245,volume,251327.41228718343,xcoor,17.23311468317847,ycoor,2.1124623913881995,
endosome171d,initRabContent,RabD,26703.537555513245
endosome171d,initMembraneContent,TfR,9086.772697751338,GalT,9086.772697751338,L1,9086.772697751338,membraneMarker,0.0,chol,9086.772697751338,lipid,9086.772697751338,p75,9086.772697751338
endosome171d,initSolubleContent,ProC,0.0,albumin,193613.35680217016,solubleMarker,0.0,proton,25.132741228718487
endosome172e,initOrgProp,area,36532.69726336879,volume,603185.7894892404,xcoor,1.4477488440358657,ycoor,47.00642191151716,
endosome172e,initRabContent,RabB,36532.69726336879
endosome172e,initMembraneContent,TfR,0.0
endosome172e,initSolubleContent,albumin,0.0,proton,65.11848456998689
endosome173q,initOrgProp,area,12566.370614359173,volume,100530.96491487337,xcoor,28.076785083509062,ycoor,1.5009000937107195,
endosome173q,initRabContent,RabD,12566.370614359173
endosome173q,initMembraneContent,TfR,4276.12832835357,GalT,4276.12832835357,L1,4276.12832835357,membraneMarker,0.0,chol,4276.12832835357,lipid,4276.12832835357,p75,4276.12832835357
endosome173q,initSolubleContent,ProC,0.0,albumin,77445.3427208668,solubleMarker,0.0,proton,10.053096491487164
endosome174B,initOrgProp,area,18849.555921538762,volume,175929.1886010284,xcoor,24.359543423660025,ycoor,1.5269909189544373,
endosome174B,initRabContent,RabD,18849.555921538762
endosome174B,initMembraneContent,TfR,6414.192492530332,GalT,6414.192492530332,L1,6414.192492530332,membraneMarker,0.0,chol,6414.192492530332,lipid,6414.192492530332,p75,6414.192492530332
endosome174B,initSolubleContent,ProC,0.0,albumin,135529.34976151958,solubleMarker,0.0,proton,17.59291886010351
endosome175i,initOrgProp,area,18849.555921538762,volume,175929.1886010284,xcoor,24.322119852131944,ycoor,1.6477747538060632,
endosome175i,initRabContent,RabD,18849.555921538762
endosome175i,initMembraneContent,TfR,6414.192492530332,GalT,6414.192492530332,L1,6414.192492530332,membraneMarker,0.0,chol,6414.192492530332,lipid,6414.192492530332,p75,6414.192492530332
endosome175i,initSolubleContent,ProC,0.0,albumin,135529.34976151958,solubleMarker,0.0,proton,17.59291886010351
endosome176N,initOrgProp,area,16144.106136555161,volume,130774.84724928874,xcoor,28.903352308961757,ycoor,40.63217247906202,
endosome176N,initRabContent,RabD,16144.106136555161
endosome176N,initMembraneContent,TfR,5466.568739562443,GalT,5466.568739562443,L1,5466.568739562443,membraneMarker,0.0,chol,5466.568739562443,lipid,5466.568739562443,p75,5466.568739562443
endosome176N,initSolubleContent,ProC,0.0,albumin,98308.66105397938,solubleMarker,0.0,proton,13.077484724929057
endosome177n,initOrgProp,area,7539.822368615503,volume,50265.48245743669,xcoor,26.16855533941446,ycoor,1.6187431231426086,
endosome177n,initRabContent,RabD,7539.822368615503
endosome177n,initMembraneContent,TfR,2565.6769970121677,GalT,2565.6769970121677,L1,2565.6769970121677,membraneMarker,0.0,chol,2565.6769970121677,lipid,2565.6769970121677,p75,2565.6769970121677
endosome177n,initSolubleContent,ProC,0.0,albumin,38722.67136044055,solubleMarker,0.0,proton,5.0265482457443795
endosome178q,initOrgProp,area,20106.192982974677,volume,201061.92982974675,xcoor,30.359163724874843,ycoor,1.518738334864503,
endosome178q,initRabContent,RabC,20106.192982974677
endosome178q,initMembraneContent,TfR,0.0
endosome178q,initSolubleContent,albumin,0.0,proton,21.010297067640295
endosome179j,initOrgProp,area,12135.160946797056,volume,100530.96491487337,xcoor,36.46328219581742,ycoor,2.154003936318683,
endosome179j,initRabContent,RabA,12135.160946797056
endosome179j,initMembraneContent,TfR,0.0
endosome179j,initSolubleContent,albumin,0.0,proton,10.116091245052885
endosome180g,initOrgProp,area,86759.56096211157,volume,1457698.9912656627,xcoor,28.81197728325808,ycoor,1.5,
endosome180g,initRabContent,RabA,86759.56096211157
endosome180g,initMembraneContent,TfR,0.0
endosome180g,initSolubleContent,albumin,0.0,proton,146.3375658168371
endosome181A,initOrgProp,area,21362.830044410595,volume,201061.92982974675,xcoor,29.108475608727527,ycoor,1.513373278906363,
endosome181A,initRabContent,RabD,21362.830044410595
endosome181A,initMembraneContent,TfR,7269.418158201092,GalT,7269.418158201092,L1,7269.418158201092,membraneMarker,0.0,chol,7269.418158201092,lipid,7269.418158201092,p75,7269.418158201092
endosome181A,initSolubleContent,ProC,0.0,albumin,154890.6854417324,solubleMarker,0.0,proton,20.10619298297479
endosome182R,initOrgProp,area,22619.467105846514,volume,201061.92982974675,xcoor,21.857908640617627,ycoor,1.814604898318369,
endosome182R,initRabContent,RabD,22619.467105846514
endosome182R,initMembraneContent,TfR,7697.030991036387,GalT,7697.030991036387,L1,7697.030991036387,membraneMarker,0.0,chol,7697.030991036387,lipid,7697.030991036387,p75,7697.030991036387
endosome182R,initSolubleContent,ProC,0.0,albumin,154890.6854417324,solubleMarker,0.0,proton,20.10619298297479
endosome183R,initOrgProp,area,7539.822368615503,volume,50265.48245743669,xcoor,47.66626463115253,ycoor,36.46487082856869,
endosome183R,initRabContent,RabB,7539.822368615503
endosome183R,initMembraneContent,TfR,0.0
endosome183R,initSolubleContent,albumin,0.0,proton,5.426540380832222
endosome184E,initOrgProp,area,16246.05931693975,volume,150796.44737231007,xcoor,2.9530193648137977,ycoor,48.37728988678962,
endosome184E,initRabContent,RabB,16246.05931693975
endosome184E,initMembraneContent,TfR,0.0
endosome184E,initSolubleContent,albumin,0.0,proton,16.279621142496723
endosome185A,initOrgProp,area,23806.074184024328,volume,251327.41228718343,xcoor,33.22623257789335,ycoor,1.6137674635689276,
endosome185A,initRabContent,RabA,23806.074184024328
endosome185A,initMembraneContent,TfR,0.0
endosome185A,initSolubleContent,albumin,0.0,proton,25.290228112632235
endosome186I,initOrgProp,area,181206.2320399598,volume,2865132.5000738893,xcoor,26.76902575232444,ycoor,1.5,
endosome186I,initRabContent,RabC,181206.2320399598
endosome186I,initMembraneContent,TfR,0.0
endosome186I,initSolubleContent,albumin,0.0,proton,294.5844005538884
endosome187I,initOrgProp,area,16246.05931693975,volume,150796.44737231007,xcoor,26.769761690480724,ycoor,1.5170195266267206,
endosome187I,initRabContent,RabA,16246.05931693975
endosome187I,initMembraneContent,TfR,0.0
endosome187I,initSolubleContent,albumin,0.0,proton,15.138368877603853
endosome188Z,initOrgProp,area,78868.6318125293,volume,1105840.6140636075,xcoor,34.907673354783306,ycoor,1.7092849081342998,
endosome188Z,initRabContent,RabA,78868.6318125293
endosome188Z,initMembraneContent,TfR,0.0
endosome188Z,initSolubleContent,albumin,0.0,proton,111.27700369558187
endosome189N,initOrgProp,area,7539.822368615503,volume,50265.48245743669,xcoor,49.462492774544295,ycoor,46.6115931568927,
endosome189N,initRabContent,RabB,7539.822368615503
endosome189N,initMembraneContent,TfR,0.0
endosome189N,initSolubleContent,albumin,0.0,proton,5.311328053379924
endosome190I,initOrgProp,area,52089.875864474896,volume,955044.1666912972,xcoor,3.730440719423178,ycoor,47.576596153281045,
endosome190I,initRabContent,RabB,52089.875864474896
endosome190I,initMembraneContent,TfR,0.0
endosome190I,initSolubleContent,albumin,0.0,proton,103.10426723581256
endosome191m,initOrgProp,area,24975.66159603886,volume,260752.19024795288,xcoor,26.769382076428126,ycoor,1.5082404581399098,
endosome191m,initRabContent,RabD,24975.66159603886
endosome191m,initMembraneContent,TfR,8498.805052602731,GalT,8498.805052602731,L1,8498.805052602731,membraneMarker,0.0,chol,8498.805052602731,lipid,8498.805052602731,p75,8498.805052602731
endosome191m,initSolubleContent,ProC,0.0,albumin,200873.8576822498,solubleMarker,0.0,proton,26.075219024795548
endosome192w,initOrgProp,area,24975.66159603886,volume,260752.19024795288,xcoor,26.76930781766745,ycoor,1.5065231277585434,
endosome192w,initRabContent,RabD,24975.66159603886
endosome192w,initMembraneContent,TfR,8498.805052602731,GalT,8498.805052602731,L1,8498.805052602731,membraneMarker,0.0,chol,8498.805052602731,lipid,8498.805052602731,p75,8498.805052602731
endosome192w,initSolubleContent,ProC,0.0,albumin,200873.8576822498,solubleMarker,0.0,proton,26.075219024795548
endosome193I,initOrgProp,area,24975.66159603886,volume,260752.19024795288,xcoor,26.769248878450043,ycoor,1.5051600817315651,
endosome193I,initRabContent,RabD,24975.66159603886
endosome193I,initMembraneContent,TfR,8498.805052602731,GalT,8498.805052602731,L1,8498.805052602731,membraneMarker,0.0,chol,8498.805052602731,lipid,8498.805052602731,p75,8498.805052602731
endosome193I,initSolubleContent,ProC,0.0,albumin,200873.8576822498,solubleMarker,0.0,proton,26.075219024795548
endosome194f,initOrgProp,area,25776.530706312013,volume,312633.0548079345,xcoor,33.40209525824412,ycoor,1.6373337817921154,
endosome194f,initRabContent,RabD,25776.530706312013
endosome194f,initMembraneContent,TfR,8775.270209572373,GalT,8775.270209572373,L1,8775.270209572373,membraneMarker,0.0,chol,8775.270209572373,lipid,8775.270209572373,p75,8775.270209572373
endosome194f,initSolubleContent,ProC,0.0,albumin,240820.3117516123,solubleMarker,0.0,proton,31.263305480793914
endosome195c,initOrgProp,area,25776.530706312013,volume,312633.0548079345,xcoor,33.22617242716513,ycoor,1.6139946607601148,
endosome195c,initRabContent,RabD,25776.530706312013
endosome195c,initMembraneContent,TfR,8775.270209572373,GalT,8775.270209572373,L1,8775.270209572373,membraneMarker,0.0,chol,8775.270209572373,lipid,8775.270209572373,p75,8775.270209572373
endosome195c,initSolubleContent,ProC,0.0,albumin,240820.3117516123,solubleMarker,0.0,proton,31.263305480793914
endosome196t,initOrgProp,area,7539.822368615503,volume,50265.48245743669,xcoor,27.843105047560087,ycoor,1.5977705448298176,
endosome196t,initRabContent,RabD,7539.822368615503
endosome196t,initMembraneContent,TfR,2565.676997012146,GalT,2565.676997012146,L1,2565.676997012146,membraneMarker,0.0,chol,2565.676997012146,lipid,2565.676997012146,p75,2565.676997012146
endosome196t,initSolubleContent,ProC,0.0,albumin,38722.671360433684,solubleMarker,0.0,proton,5.026548245743715
endosome197t,initOrgProp,area,26389.37829015426,volume,251327.41228718343,xcoor,33.26968300800234,ycoor,1.5,
endosome197t,initRabContent,RabD,26389.37829015426
endosome197t,initMembraneContent,TfR,8983.905855958345,GalT,8983.905855958345,L1,8983.905855958345,membraneMarker,0.0,chol,8983.905855958345,lipid,8983.905855958345,p75,8983.905855958345
endosome197t,initSolubleContent,ProC,0.0,albumin,193596.757757777,solubleMarker,0.0,proton,25.13274122871871
endosome198T,initOrgProp,area,24975.66159603886,volume,260752.19024795288,xcoor,28.811977269667654,ycoor,1.5,
endosome198T,initRabContent,RabD,24975.66159603886
endosome198T,initMembraneContent,TfR,8498.805052602731,GalT,8498.805052602731,L1,8498.805052602731,membraneMarker,0.0,chol,8498.805052602731,lipid,8498.805052602731,p75,8498.805052602731
endosome198T,initSolubleContent,ProC,0.0,albumin,200873.8576822498,solubleMarker,0.0,proton,26.075219024795548
endosome199G,initOrgProp,area,17592.918860102844,volume,150796.44737231007,xcoor,34.101090169856874,ycoor,1.507167129151438,
endosome199G,initRabContent,RabD,17592.918860102844
endosome199G,initMembraneContent,TfR,5989.270570638899,GalT,5989.270570638899,L1,5989.270570638899,membraneMarker,0.0,chol,5989.270570638899,lipid,5989.270570638899,p75,5989.270570638899
endosome199G,initSolubleContent,ProC,0.0,albumin,116158.05465466622,solubleMarker,0.0,proton,15.079644737231227
endosome200A,initOrgProp,area,7539.822368615503,volume,50265.48245743669,xcoor,27.82499536792733,ycoor,1.5031828633150888,
endosome200A,initRabContent,RabD,7539.822368615503
endosome200A,initMembraneContent,TfR,2565.676997012146,GalT,2565.676997012146,L1,2565.676997012146,membraneMarker,0.0,chol,2565.676997012146,lipid,2565.676997012146,p75,2565.676997012146
endosome200A,initSolubleContent,ProC,0.0,albumin,38722.671360433684,solubleMarker,0.0,proton,5.026548245743715
endosome201h,initOrgProp,area,7539.822368615503,volume,50265.48245743669,xcoor,33.658838105348586,ycoor,1.6864818605077831,
endosome201h,initRabContent,RabD,7539.822368615503
endosome201h,initMembraneContent,TfR,2566.830244559522,GalT,2566.830244559522,L1,2566.830244559522,membraneMarker,0.0,chol,2566.830244559522,lipid,2566.830244559522,p75,2566.830244559522
endosome201h,initSolubleContent,ProC,0.0,albumin,38719.351551555446,solubleMarker,0.0,proton,5.026548245743754
endosome202L,initOrgProp,area,7539.822368615503,volume,50265.48245743669,xcoor,26.87667209475477,ycoor,1.6949788391781961,
endosome202L,initRabContent,RabD,7539.822368615503
endosome202L,initMembraneContent,TfR,2565.676997012146,GalT,2565.676997012146,L1,2565.676997012146,membraneMarker,0.0,chol,2565.676997012146,lipid,2565.676997012146,p75,2565.676997012146
endosome202L,initSolubleContent,ProC,0.0,albumin,38722.671360433684,solubleMarker,0.0,proton,5.026548245743715
endosome203k,initOrgProp,area,7539.822368615503,volume,50265.48245743669,xcoor,32.838314199280575,ycoor,1.7761643656930544,
endosome203k,initRabContent,RabD,7539.822368615503
endosome203k,initMembraneContent,TfR,2566.8302445595255,GalT,2566.8302445595255,L1,2566.8302445595255,membraneMarker,0.0,chol,2566.8302445595255,lipid,2566.8302445595255,p75,2566.8302445595255
endosome203k,initSolubleContent,ProC,0.0,albumin,38719.35155155539,solubleMarker,0.0,proton,5.026548245743744
endosome204w,initOrgProp,area,7539.822368615503,volume,50265.48245743669,xcoor,26.425462905947676,ycoor,1.589330759513575,
endosome204w,initRabContent,RabD,7539.822368615503
endosome204w,initMembraneContent,TfR,2565.676997012146,GalT,2565.676997012146,L1,2565.676997012146,membraneMarker,0.0,chol,2565.676997012146,lipid,2565.676997012146,p75,2565.676997012146
endosome204w,initSolubleContent,ProC,0.0,albumin,38722.671360433684,solubleMarker,0.0,proton,5.026548245743715
endosome205A,initOrgProp,area,30803.07895205568,volume,362898.53726537124,xcoor,34.938712346011634,ycoor,2.230249586332554,
endosome205A,initRabContent,RabD,30803.07895205568
endosome205A,initMembraneContent,TfR,10486.490372612056,GalT,10486.490372612056,L1,10486.490372612056,membraneMarker,0.0,chol,10486.490372612056,lipid,10486.490372612056,p75,10486.490372612056
endosome205A,initSolubleContent,ProC,0.0,albumin,279539.66330316773,solubleMarker,0.0,proton,36.289853726537665
endosome206Q,initOrgProp,area,21362.830044410595,volume,201061.92982974675,xcoor,38.37634588366176,ycoor,15.585209325665678,
endosome206Q,initRabContent,RabD,21362.830044410595
endosome206Q,initMembraneContent,TfR,7272.685692918659,GalT,7272.685692918659,L1,7272.685692918659,membraneMarker,0.0,chol,7272.685692918659,lipid,7272.685692918659,p75,7272.685692918659
endosome206Q,initSolubleContent,ProC,0.0,albumin,154877.40620622158,solubleMarker,0.0,proton,20.106192982974967
endosome207k,initOrgProp,area,22619.467105846514,volume,201061.92982974675,xcoor,36.30030201756431,ycoor,15.184026930200435,
endosome207k,initRabContent,RabD,22619.467105846514
endosome207k,initMembraneContent,TfR,7700.490733678584,GalT,7700.490733678584,L1,7700.490733678584,membraneMarker,0.0,chol,7700.490733678584,lipid,7700.490733678584,p75,7700.490733678584
endosome207k,initSolubleContent,ProC,0.0,albumin,154877.4062062216,solubleMarker,0.0,proton,20.106192982974967
endosome208h,initOrgProp,area,26389.37829015426,volume,251327.41228718343,xcoor,32.748658311865896,ycoor,1.5,
endosome208h,initRabContent,RabD,26389.37829015426
endosome208h,initMembraneContent,TfR,8983.905855958345,GalT,8983.905855958345,L1,8983.905855958345,membraneMarker,0.0,chol,8983.905855958345,lipid,8983.905855958345,p75,8983.905855958345
endosome208h,initSolubleContent,ProC,0.0,albumin,193596.757757777,solubleMarker,0.0,proton,25.13274122871871
endosome209E,initOrgProp,area,26389.37829015426,volume,251327.41228718343,xcoor,32.814555019520434,ycoor,1.5063658526344799,
endosome209E,initRabContent,RabD,26389.37829015426
endosome209E,initMembraneContent,TfR,8983.905855958345,GalT,8983.905855958345,L1,8983.905855958345,membraneMarker,0.0,chol,8983.905855958345,lipid,8983.905855958345,p75,8983.905855958345
endosome209E,initSolubleContent,ProC,0.0,albumin,193596.757757777,solubleMarker,0.0,proton,25.13274122871871
endosome210M,initOrgProp,area,24975.66159603886,volume,260752.19024795288,xcoor,22.964268835795316,ycoor,1.6473393879253393,
endosome210M,initRabContent,RabD,24975.66159603886
endosome210M,initMembraneContent,TfR,8498.805052602731,GalT,8498.805052602731,L1,8498.805052602731,membraneMarker,0.0,chol,8498.805052602731,lipid,8498.805052602731,p75,8498.805052602731
endosome210M,initSolubleContent,ProC,0.0,albumin,200873.8576822498,solubleMarker,0.0,proton,26.075219024795548
endosome211N,initOrgProp,area,26389.37829015426,volume,251327.41228718343,xcoor,31.785473305141238,ycoor,1.5127949013938506,
endosome211N,initRabContent,RabD,26389.37829015426
endosome211N,initMembraneContent,TfR,8983.905855958345,GalT,8983.905855958345,L1,8983.905855958345,membraneMarker,0.0,chol,8983.905855958345,lipid,8983.905855958345,p75,8983.905855958345
endosome211N,initSolubleContent,ProC,0.0,albumin,193596.757757777,solubleMarker,0.0,proton,25.13274122871871
endosome212y,initOrgProp,area,17592.918860102844,volume,150796.44737231007,xcoor,33.579971976028375,ycoor,1.6271214262324674,
endosome212y,initRabContent,RabD,17592.918860102844
endosome212y,initMembraneContent,TfR,5989.270570638899,GalT,5989.270570638899,L1,5989.270570638899,membraneMarker,0.0,chol,5989.270570638899,lipid,5989.270570638899,p75,5989.270570638899
endosome212y,initSolubleContent,ProC,0.0,albumin,116158.05465466622,solubleMarker,0.0,proton,15.079644737231227
endosome213l,initOrgProp,area,24975.66159603886,volume,260752.19024795288,xcoor,22.9148268006591,ycoor,1.6570998246896094,
endosome213l,initRabContent,RabD,24975.66159603886
endosome213l,initMembraneContent,TfR,8498.805052602731,GalT,8498.805052602731,L1,8498.805052602731,membraneMarker,0.0,chol,8498.805052602731,lipid,8498.805052602731,p75,8498.805052602731
endosome213l,initSolubleContent,ProC,0.0,albumin,200873.8576822498,solubleMarker,0.0,proton,26.075219024795548
endosome214H,initOrgProp,area,7539.822368615503,volume,50265.48245743669,xcoor,32.15618493025509,ycoor,1.6075041022375458,
endosome214H,initRabContent,RabD,7539.822368615503
endosome214H,initMembraneContent,TfR,2566.8302445595255,GalT,2566.8302445595255,L1,2566.8302445595255,membraneMarker,0.0,chol,2566.8302445595255,lipid,2566.8302445595255,p75,2566.8302445595255
endosome214H,initSolubleContent,ProC,0.0,albumin,38719.35155155539,solubleMarker,0.0,proton,5.026548245743744
endosome215r,initOrgProp,area,7539.822368615503,volume,50265.48245743669,xcoor,38.86179943269208,ycoor,22.657103680426395,
endosome215r,initRabContent,RabD,7539.822368615503
endosome215r,initMembraneContent,TfR,2566.8302445595273,GalT,2566.8302445595273,L1,2566.8302445595273,membraneMarker,0.0,chol,2566.8302445595273,lipid,2566.8302445595273,p75,2566.8302445595273
endosome215r,initSolubleContent,ProC,0.0,albumin,38719.35155155539,solubleMarker,0.0,proton,5.02654824574374
endosome216A,initOrgProp,area,7539.822368615503,volume,50265.48245743669,xcoor,22.64782558651565,ycoor,1.7871474232167426,
endosome216A,initRabContent,RabD,7539.822368615503
endosome216A,initMembraneContent,TfR,2565.676997012146,GalT,2565.676997012146,L1,2565.676997012146,membraneMarker,0.0,chol,2565.676997012146,lipid,2565.676997012146,p75,2565.676997012146
endosome216A,initSolubleContent,ProC,0.0,albumin,38722.671360433684,solubleMarker,0.0,proton,5.026548245743715
endosome217c,initOrgProp,area,7539.822368615503,volume,50265.48245743669,xcoor,26.934040906667725,ycoor,5.316264566112307,
endosome217c,initRabContent,RabD,7539.822368615503
endosome217c,initMembraneContent,TfR,2565.676997012146,GalT,2565.676997012146,L1,2565.676997012146,membraneMarker,0.0,chol,2565.676997012146,lipid,2565.676997012146,p75,2565.676997012146
endosome217c,initSolubleContent,ProC,0.0,albumin,38722.671360433684,solubleMarker,0.0,proton,5.026548245743715
endosome218J,initOrgProp,area,23876.10416728243,volume,226194.6710584651,xcoor,33.34644309713045,ycoor,1.8696974380396207,
endosome218J,initRabContent,RabD,23876.10416728243
endosome218J,initMembraneContent,TfR,8128.295774438504,GalT,8128.295774438504,L1,8128.295774438504,membraneMarker,0.0,chol,8128.295774438504,lipid,8128.295774438504,p75,8128.295774438504
endosome218J,initSolubleContent,ProC,0.0,albumin,174237.0819819993,solubleMarker,0.0,proton,22.61946710584684
endosome219w,initOrgProp,area,20106.192982974677,volume,201061.92982974675,xcoor,25.218935035065634,ycoor,1.5016428425266335,
endosome219w,initRabContent,RabC,20106.192982974677
endosome219w,initMembraneContent,TfR,0.0
endosome219w,initSolubleContent,albumin,0.0,proton,21.010297067640295
endosome220e,initOrgProp,area,23876.10416728243,volume,226194.6710584651,xcoor,30.368193559423755,ycoor,1.50969618789464,
endosome220e,initRabContent,RabD,23876.10416728243
endosome220e,initMembraneContent,TfR,8128.295774438504,GalT,8128.295774438504,L1,8128.295774438504,membraneMarker,0.0,chol,8128.295774438504,lipid,8128.295774438504,p75,8128.295774438504
endosome220e,initSolubleContent,ProC,0.0,albumin,174237.0819819993,solubleMarker,0.0,proton,22.61946710584684
endosome221r,initOrgProp,area,21362.830044410595,volume,201061.92982974675,xcoor,34.91771534233065,ycoor,1.8234837516391351,
endosome221r,initRabContent,RabD,21362.830044410595
endosome221r,initMembraneContent,TfR,7272.685692918661,GalT,7272.685692918661,L1,7272.685692918661,membraneMarker,0.0,chol,7272.685692918661,lipid,7272.685692918661,p75,7272.685692918661
endosome221r,initSolubleContent,ProC,0.0,albumin,154877.40620622158,solubleMarker,0.0,proton,20.106192982974967
endosome222m,initOrgProp,area,12566.370614359173,volume,100530.96491487337,xcoor,32.21035224541231,ycoor,1.5,
endosome222m,initRabContent,RabD,12566.370614359173
endosome222m,initMembraneContent,TfR,4278.050407599212,GalT,4278.050407599212,L1,4278.050407599212,membraneMarker,0.0,chol,4278.050407599212,lipid,4278.050407599212,p75,4278.050407599212
endosome222m,initSolubleContent,ProC,0.0,albumin,77438.70310311078,solubleMarker,0.0,proton,10.05309649148748
endosome223T,initOrgProp,area,7539.822368615503,volume,50265.48245743669,xcoor,31.92523252332095,ycoor,1.5478157182310048,
endosome223T,initRabContent,RabD,7539.822368615503
endosome223T,initMembraneContent,TfR,2566.8302445595255,GalT,2566.8302445595255,L1,2566.8302445595255,membraneMarker,0.0,chol,2566.8302445595255,lipid,2566.8302445595255,p75,2566.8302445595255
endosome223T,initSolubleContent,ProC,0.0,albumin,38719.35155155539,solubleMarker,0.0,proton,5.02654824574374
endosome224Z,initOrgProp,area,7539.822368615503,volume,50265.48245743669,xcoor,5.2331845836004875,ycoor,46.16171220411376,
endosome224Z,initRabContent,RabB,7539.822368615503
endosome224Z,initMembraneContent,TfR,0.0
endosome224Z,initSolubleContent,albumin,0.0,proton,5.426540380832222
endosome225L,initOrgProp,area,15531.248681184541,volume,139408.17400304708,xcoor,19.551922239724693,ycoor,1.586151751962738,
endosome225L,initRabContent,RabD,15531.248681184541
endosome225L,initMembraneContent,TfR,5285.027355824494,GalT,5285.027355824494,L1,5285.027355824494,membraneMarker,0.0,chol,5285.027355824494,lipid,5285.027355824494,p75,5285.027355824494
endosome225L,initSolubleContent,ProC,0.0,albumin,107394.9088512029,solubleMarker,0.0,proton,13.94081740030477
endosome226k,initOrgProp,area,45098.874245176856,volume,753982.2368615507,xcoor,37.73673712626227,ycoor,1.5128777734761394,
endosome226k,initRabContent,RabA,45098.874245176856
endosome226k,initMembraneContent,TfR,0.0
endosome226k,initSolubleContent,albumin,0.0,proton,75.78707145518312
endosome227q,initOrgProp,area,20106.192982974677,volume,201061.92982974675,xcoor,36.80199160272378,ycoor,2.4308856856225636,
endosome227q,initRabContent,RabA,20106.192982974677
endosome227q,initMembraneContent,TfR,0.0
endosome227q,initSolubleContent,albumin,0.0,proton,20.20988572138215
endosome228I,initOrgProp,area,7539.822368615503,volume,50265.48245743669,xcoor,32.01395576116287,ycoor,1.5217423795644518,
endosome228I,initRabContent,RabB,7539.822368615503
endosome228I,initMembraneContent,TfR,0.0
endosome228I,initSolubleContent,albumin,0.0,proton,5.051211900864473
endosome229A,initOrgProp,area,16246.05931693975,volume,150796.44737231007,xcoor,9.349833597490814,ycoor,1.8863111231591023,
endosome229A,initRabContent,RabC,16246.05931693975
endosome229A,initMembraneContent,TfR,0.0
endosome229A,initSolubleContent,albumin,0.0,proton,14.658899245302493
endosome230n,initOrgProp,area,26703.537555513245,volume,251327.41228718343,xcoor,18.069188534280013,ycoor,1.6512889745087933,
endosome230n,initRabContent,RabD,26703.537555513245
endosome230n,initMembraneContent,TfR,9086.772697751338,GalT,9086.772697751338,L1,9086.772697751338,membraneMarker,0.0,chol,9086.772697751338,lipid,9086.772697751338,p75,9086.772697751338
endosome230n,initSolubleContent,ProC,0.0,albumin,193613.35680217016,solubleMarker,0.0,proton,25.132741228718487
endosome231k,initOrgProp,area,15531.248681184541,volume,139408.17400304708,xcoor,20.725845449015893,ycoor,1.544982924603382,
endosome231k,initRabContent,RabD,15531.248681184541
endosome231k,initMembraneContent,TfR,5285.027355824494,GalT,5285.027355824494,L1,5285.027355824494,membraneMarker,0.0,chol,5285.027355824494,lipid,5285.027355824494,p75,5285.027355824494
endosome231k,initSolubleContent,ProC,0.0,albumin,107394.9088512029,solubleMarker,0.0,proton,13.94081740030477
endosome232g,initOrgProp,area,26703.537555513245,volume,251327.41228718343,xcoor,19.79022085508974,ycoor,1.6480835217511234,
endosome232g,initRabContent,RabD,26703.537555513245
endosome232g,initMembraneContent,TfR,9086.772697751338,GalT,9086.772697751338,L1,9086.772697751338,membraneMarker,0.0,chol,9086.772697751338,lipid,9086.772697751338,p75,9086.772697751338
endosome232g,initSolubleContent,ProC,0.0,albumin,193613.35680217016,solubleMarker,0.0,proton,25.132741228718487
endosome233F,initOrgProp,area,7539.822368615503,volume,50265.48245743669,xcoor,15.561976856438974,ycoor,1.9310115194167916,
endosome233F,initRabContent,RabC,7539.822368615503
endosome233F,initMembraneContent,TfR,0.0
endosome233F,initSolubleContent,albumin,0.0,proton,5.245163649685935
endosome234z,initOrgProp,area,15531.248681184541,volume,139408.17400304708,xcoor,23.53388633063291,ycoor,1.5000000000000002,
endosome234z,initRabContent,RabD,15531.248681184541
endosome234z,initMembraneContent,TfR,5285.027355824494,GalT,5285.027355824494,L1,5285.027355824494,membraneMarker,0.0,chol,5285.027355824494,lipid,5285.027355824494,p75,5285.027355824494
endosome234z,initSolubleContent,ProC,0.0,albumin,107394.9088512029,solubleMarker,0.0,proton,13.94081740030477
endosome235s,initOrgProp,area,15531.248681184541,volume,139408.17400304708,xcoor,18.818783141878715,ycoor,1.5,
endosome235s,initRabContent,RabD,15531.248681184541
endosome235s,initMembraneContent,TfR,5285.027355824494,GalT,5285.027355824494,L1,5285.027355824494,membraneMarker,0.0,chol,5285.027355824494,lipid,5285.027355824494,p75,5285.027355824494
endosome235s,initSolubleContent,ProC,0.0,albumin,107394.9088512029,solubleMarker,0.0,proton,13.94081740030477
endosome236g,initOrgProp,area,15531.248681184541,volume,139408.17400304708,xcoor,17.260194239302372,ycoor,1.5092582331606743,
endosome236g,initRabContent,RabD,15531.248681184541
endosome236g,initMembraneContent,TfR,5285.027355824494,GalT,5285.027355824494,L1,5285.027355824494,membraneMarker,0.0,chol,5285.027355824494,lipid,5285.027355824494,p75,5285.027355824494
endosome236g,initSolubleContent,ProC,0.0,albumin,107394.9088512029,solubleMarker,0.0,proton,13.94081740030477
endosome237m,initOrgProp,area,26703.537555513245,volume,251327.41228718343,xcoor,17.254163688819336,ycoor,1.6433759823228804,
endosome237m,initRabContent,RabD,26703.537555513245
endosome237m,initMembraneContent,TfR,9086.772697751338,GalT,9086.772697751338,L1,9086.772697751338,membraneMarker,0.0,chol,9086.772697751338,lipid,9086.772697751338,p75,9086.772697751338
endosome237m,initSolubleContent,ProC,0.0,albumin,193613.35680217016,solubleMarker,0.0,proton,25.132741228718487
endosome238p,initOrgProp,area,15531.248681184541,volume,139408.17400304708,xcoor,18.76422780345481,ycoor,1.6653409143867521,
endosome238p,initRabContent,RabD,15531.248681184541
endosome238p,initMembraneContent,TfR,5285.027355824494,GalT,5285.027355824494,L1,5285.027355824494,membraneMarker,0.0,chol,5285.027355824494,lipid,5285.027355824494,p75,5285.027355824494
endosome238p,initSolubleContent,ProC,0.0,albumin,107394.9088512029,solubleMarker,0.0,proton,13.94081740030477
endosome239d,initOrgProp,area,57166.84948775085,volume,753982.2368615505,xcoor,26.769431282708183,ycoor,1.5093784173373184,
endosome239d,initRabContent,RabA,57166.84948775085
endosome239d,initMembraneContent,TfR,0.0
endosome239d,initSolubleContent,albumin,0.0,proton,75.69184438801929
endosome240B,initOrgProp,area,15531.248681184541,volume,139408.17400304708,xcoor,23.53388633063291,ycoor,1.5000000000000024,
endosome240B,initRabContent,RabD,15531.248681184541
endosome240B,initMembraneContent,TfR,5285.027355824494,GalT,5285.027355824494,L1,5285.027355824494,membraneMarker,0.0,chol,5285.027355824494,lipid,5285.027355824494,p75,5285.027355824494
endosome240B,initSolubleContent,ProC,0.0,albumin,107394.9088512029,solubleMarker,0.0,proton,13.94081740030477
endosome241O,initOrgProp,area,7539.822368615503,volume,50265.48245743669,xcoor,34.65964620550761,ycoor,1.979027570918941,
endosome241O,initRabContent,RabA,7539.822368615503
endosome241O,initMembraneContent,TfR,0.0
endosome241O,initSolubleContent,albumin,0.0,proton,5.05804562252645
endosome242y,initOrgProp,area,15531.248681184541,volume,139408.17400304708,xcoor,20.70944991211267,ycoor,4.451632418945792,
endosome242y,initRabContent,RabD,15531.248681184541
endosome242y,initMembraneContent,TfR,5285.027355824494,GalT,5285.027355824494,L1,5285.027355824494,membraneMarker,0.0,chol,5285.027355824494,lipid,5285.027355824494,p75,5285.027355824494
endosome242y,initSolubleContent,ProC,0.0,albumin,107394.9088512029,solubleMarker,0.0,proton,13.94081740030477
endosome243D,initOrgProp,area,152584.16238004656,volume,2362477.675499523,xcoor,10.693522012451446,ycoor,3.143088521223995,
endosome243D,initRabContent,RabA,152584.16238004656
endosome243D,initMembraneContent,TfR,0.0
endosome243D,initSolubleContent,albumin,0.0,proton,243.80491904509634
endosome244L,initOrgProp,area,47571.76337111051,volume,603185.7894892403,xcoor,33.22548364847414,ycoor,1.616596268231704,
endosome244L,initRabContent,RabC,47571.76337111051
endosome244L,initMembraneContent,TfR,0.0
endosome244L,initSolubleContent,albumin,0.0,proton,61.20806197102905
endosome245r,initOrgProp,area,16246.05931693975,volume,150796.44737231007,xcoor,12.920564866325916,ycoor,48.5,
endosome245r,initRabContent,RabA,16246.05931693975
endosome245r,initMembraneContent,TfR,0.0
endosome245r,initSolubleContent,albumin,0.0,proton,15.336675723318962
endosome246d,initOrgProp,area,23806.074184024328,volume,251327.41228718343,xcoor,3.9274996214131686,ycoor,47.01760313819579,
endosome246d,initRabContent,RabB,23806.074184024328
endosome246d,initMembraneContent,TfR,0.0
endosome246d,initSolubleContent,albumin,0.0,proton,27.13270190416118
endosome247i,initOrgProp,area,7539.822368615503,volume,50265.48245743669,xcoor,1.3073125688151233,ycoor,45.21060629912109,
endosome247i,initRabContent,RabB,7539.822368615503
endosome247i,initMembraneContent,TfR,0.0
endosome247i,initSolubleContent,albumin,0.0,proton,5.426540380832236
endosome248T,initOrgProp,area,7539.822368615503,volume,50265.48245743669,xcoor,26.87306467272616,ycoor,1.5862409372820914,
endosome248T,initRabContent,RabA,7539.822368615503
endosome248T,initMembraneContent,TfR,0.0
endosome248T,initSolubleContent,albumin,0.0,proton,5.2451636496857645
endosome249H,initOrgProp,area,7539.822368615503,volume,50265.48245743669,xcoor,35.921872154603,ycoor,1.5,
endosome249H,initRabContent,RabA,7539.822368615503
endosome249H,initMembraneContent,TfR,0.0
endosome249H,initSolubleContent,albumin,0.0,proton,5.052471430345548
endosome250c,initOrgProp,area,20106.192982974677,volume,201061.92982974675,xcoor,33.26781475402395,ycoor,1.5,
endosome250c,initRabContent,RabC,20106.192982974677
endosome250c,initMembraneContent,TfR,0.0
endosome250c,initSolubleContent,albumin,0.0,proton,20.402687323676354
endosome251k,initOrgProp,area,7539.822368615503,volume,50265.48245743669,xcoor,2.0121896085423985,ycoor,48.5,
endosome251k,initRabContent,RabB,7539.822368615503
endosome251k,initMembraneContent,TfR,0.0
endosome251k,initSolubleContent,albumin,0.0,proton,5.42654038083225
endosome252u,initOrgProp,area,169797.35210499124,volume,2664070.570244143,xcoor,26.7700594693796,ycoor,1.5239060507932052,
endosome252u,initRabContent,RabA,169797.35210499124
endosome252u,initMembraneContent,TfR,0.0
endosome252u,initSolubleContent,albumin,0.0,proton,267.7142307458164
endosome253Z,initOrgProp,area,7539.822368615503,volume,46171.79388582711,xcoor,33.25635265092874,ycoor,1.5,
endosome253Z,initRabContent,RabE,7539.822368615503
endosome253Z,initMembraneContent,TfR,0.0
endosome253Z,initSolubleContent,albumin,0.0,proton,5.10067183091909
endosome254y,initOrgProp,area,7539.822368615503,volume,50265.48245743669,xcoor,4.882683047319632,ycoor,4.233931164338061,
endosome254y,initRabContent,RabC,7539.822368615503
endosome254y,initMembraneContent,TfR,0.0
endosome254y,initSolubleContent,albumin,0.0,proton,4.886299748434176
endosome255p,initOrgProp,area,17670.339152962144,volume,159043.19830991395,xcoor,3.48835720505043,ycoor,12.253368210709363,
endosome255p,initRabContent,RabD,17670.339152962144
endosome255p,initMembraneContent,TfR,6026.727861520268,GalT,6026.727861520268,L1,6026.727861520268,membraneMarker,0.0,chol,6026.727861520268,lipid,6026.727861520268,p75,6026.727861520268
endosome255p,initSolubleContent,ProC,0.0,albumin,121732.29361049786,solubleMarker,0.0,proton,15.90431983099168
endosome256a,initOrgProp,area,12135.160946797056,volume,100530.96491487337,xcoor,48.524156229727076,ycoor,44.588443681456894,
endosome256a,initRabContent,RabB,12135.160946797056
endosome256a,initMembraneContent,TfR,0.0
endosome256a,initSolubleContent,albumin,0.0,proton,10.853080761664472
